Time (s),End Effector X (mm),End Effector Y (mm),Target X (mm),Target Y (mm),Force X (N),Force Y (N)
0.000,-10.464,5.034,0.000,-0.600
0.005,-10.059,5.032,0.000,-0.600
0.010,-9.683,5.028,0.000,-0.600
0.015,-9.264,4.990,0.000,-0.600
0.020,-8.779,4.990,0.000,-0.600
0.025,-8.440,4.972,0.000,-0.600
0.030,-8.042,4.989,0.000,-0.600
0.035,-7.579,4.989,0.000,-0.600
0.040,-7.160,4.951,0.000,-0.600
0.045,-6.727,4.949,0.000,-0.600
0.050,-6.365,4.967,0.000,-0.600
0.055,-5.867,4.931,0.000,-0.600
0.060,-5.448,4.928,0.000,-0.600
0.065,-5.028,4.926,0.000,-0.600
0.070,-4.689,4.930,0.000,-0.600
0.075,-4.256,4.928,0.000,-0.600
0.080,-3.836,4.926,0.000,-0.600
0.085,-3.417,4.923,0.000,-0.600
0.090,-2.998,4.907,0.000,-0.600
0.095,-2.565,4.905,0.000,-0.600
0.100,-2.088,4.905,0.000,-0.600
0.105,-1.669,4.903,0.000,-0.600
0.110,-1.315,4.885,0.000,-0.600
0.115,-0.896,4.904,0.000,-0.600
0.120,-0.419,4.904,0.000,-0.600
0.125,0.014,4.902,0.000,-0.600
0.130,0.433,4.886,0.000,-0.600
0.135,0.924,4.885,0.000,-0.600
0.140,1.343,4.905,0.000,-0.600
0.145,1.776,4.903,0.000,-0.600
0.150,2.173,4.901,0.000,-0.600
0.155,2.620,4.865,0.000,-0.600
0.160,3.097,4.865,0.000,-0.600
0.165,3.473,4.860,0.000,-0.600
0.170,3.884,4.880,0.000,-0.600
0.175,4.317,4.838,0.000,-0.600
0.180,4.808,4.858,0.000,-0.600
0.185,5.205,4.855,0.000,-0.600
0.190,5.638,4.875,0.000,-0.600
0.195,6.129,4.861,0.000,-0.600
0.200,6.562,4.881,0.000,-0.600
0.205,6.959,4.878,0.000,-0.600
0.210,7.392,4.898,0.000,-0.600
0.215,7.919,4.878,0.000,-0.600
0.220,8.352,4.898,0.000,-0.600
0.225,8.728,4.915,0.000,-0.600
0.230,9.139,4.935,0.000,-0.600
0.235,9.630,4.957,0.000,-0.600
0.240,10.041,4.954,0.000,-0.600
0.245,10.394,4.972,0.000,-0.600
0.250,10.828,4.992,0.000,-0.600
0.255,11.239,5.011,0.000,-0.600
0.260,11.592,4.993,0.000,-0.600
0.265,11.946,5.011,0.000,-0.600
0.270,12.314,5.029,0.000,-0.600
0.275,12.689,5.054,0.000,-0.600
0.280,13.100,5.052,0.000,-0.600
0.285,13.468,5.070,0.000,-0.600
0.290,13.764,5.072,0.000,-0.600
0.295,14.060,5.087,0.000,-0.600
0.300,14.449,5.113,0.000,-0.600
0.305,14.803,5.131,0.000,-0.600
0.310,15.171,5.148,0.000,-0.600
0.315,15.387,5.148,0.000,-0.600
0.320,15.697,5.172,0.000,-0.600
0.325,15.993,5.188,0.000,-0.600
0.330,16.347,5.205,0.000,-0.600
0.335,16.599,5.227,0.000,-0.600
0.340,16.909,5.229,0.000,-0.600
0.345,17.096,5.185,0.000,-0.600
0.350,17.362,5.137,0.000,-0.600
0.355,17.606,5.109,0.000,-0.600
0.360,17.873,5.048,0.000,-0.600
0.365,18.153,4.978,0.000,-0.600
0.370,18.347,4.956,0.000,-0.600
0.375,18.548,4.884,0.000,-0.600
0.380,18.814,4.878,0.000,-0.600
0.385,18.936,4.735,0.000,-0.600
0.390,19.158,4.685,0.000,-0.600
0.395,19.395,4.594,0.000,-0.600
0.400,19.595,4.480,0.000,-0.600
0.405,19.832,4.389,0.000,-0.600
0.410,20.046,4.261,0.000,-0.600
0.415,20.283,4.170,0.000,-0.600
0.420,20.426,4.076,0.000,-0.600
0.425,20.597,3.941,0.000,-0.600
0.430,20.754,3.834,0.000,-0.600
0.435,20.932,3.726,0.000,-0.600
0.440,21.018,3.609,0.000,-0.600
0.445,21.139,3.500,0.000,-0.600
0.450,21.274,3.406,0.000,-0.600
0.455,21.382,3.324,0.000,-0.600
0.460,21.467,3.271,0.000,-0.600
0.465,21.552,3.189,0.000,-0.600
0.470,21.638,3.135,0.000,-0.600
0.475,21.652,3.094,0.000,-0.600
0.480,21.666,3.052,0.000,-0.600
0.485,21.759,3.012,0.000,-0.600
0.490,21.773,2.984,0.000,-0.600
0.495,21.773,2.984,0.000,-0.600
0.500,21.773,2.984,0.000,-0.600
0.505,21.773,2.984,0.000,-0.600
0.510,21.773,2.984,0.000,-0.600
0.515,21.773,2.984,0.000,-0.600
0.520,21.773,2.984,0.000,-0.600
0.525,21.773,2.984,0.000,-0.600
0.530,21.773,2.984,0.000,-0.600
0.535,21.773,2.984,0.000,-0.600
0.540,21.773,2.984,0.000,-0.600
0.545,21.773,2.984,0.000,-0.600
0.550,21.773,2.984,0.000,-0.600
0.555,21.773,2.984,0.000,-0.600
0.560,21.773,2.984,0.000,-0.600
0.565,21.773,2.984,0.000,-0.600
0.570,21.773,2.984,0.000,-0.600
0.575,21.773,2.984,0.000,-0.600
0.580,21.773,2.984,0.000,-0.600
0.585,21.773,2.984,0.000,-0.600
0.590,21.773,2.984,0.000,-0.600
0.595,21.773,2.984,0.000,-0.600
0.600,21.773,2.984,0.000,-0.600
0.605,21.773,2.984,0.000,-0.600
0.610,21.773,2.984,0.000,-0.600
0.615,21.773,2.984,0.000,-0.600
0.620,21.773,2.984,0.000,-0.600
0.625,21.773,2.984,0.000,-0.600
0.630,21.773,2.984,0.000,-0.600
0.635,21.773,2.984,0.000,-0.600
0.640,21.773,2.984,0.000,-0.600
0.645,21.773,2.984,0.000,-0.600
0.650,21.773,2.984,0.000,-0.600
0.655,21.773,2.984,0.000,-0.600
0.660,21.773,2.984,0.000,-0.600
0.665,21.773,2.984,0.000,-0.600
0.670,21.773,2.984,0.000,-0.600
0.675,21.773,2.984,0.000,-0.600
0.680,21.773,2.984,0.000,-0.600
0.685,21.773,2.984,0.000,-0.600
0.690,21.773,2.984,0.000,-0.600
0.695,21.773,2.984,0.000,-0.600
0.700,21.773,2.984,0.000,-0.600
0.705,21.773,2.984,0.000,-0.600
0.710,21.773,2.984,0.000,-0.600
0.715,21.773,2.984,0.000,-0.600
0.720,21.773,2.984,0.000,-0.600
0.725,21.773,2.984,0.000,-0.600
0.730,21.773,2.984,0.000,-0.600
0.735,21.773,2.984,0.000,-0.600
0.740,21.773,2.984,0.000,-0.600
0.745,21.773,2.984,0.000,-0.600
0.750,21.773,2.984,0.000,-0.600
0.755,21.773,2.984,0.000,-0.600
0.760,21.773,2.984,0.000,-0.600
0.765,21.773,2.984,0.000,-0.600
0.770,21.773,2.984,0.000,-0.600
0.775,21.773,2.984,0.000,-0.600
0.780,21.773,2.984,0.000,-0.600
0.785,21.773,2.984,0.000,-0.600
0.790,21.773,2.984,0.000,-0.600
0.795,21.773,2.984,0.000,-0.600
0.800,21.773,2.984,0.000,-0.600
0.805,21.773,2.984,0.000,-0.600
0.810,21.773,2.984,0.000,-0.600
0.815,21.773,2.984,0.000,-0.600
0.820,21.773,2.984,0.000,-0.600
0.825,21.773,2.984,0.000,-0.600
0.830,21.773,2.984,0.000,-0.600
0.835,21.773,2.984,0.000,-0.600
0.840,21.773,2.984,0.000,-0.600
0.845,21.773,2.984,0.000,-0.600
0.850,21.773,2.984,0.000,-0.600
0.855,21.773,2.984,0.000,-0.600
0.860,21.773,2.984,0.000,-0.600
0.865,21.773,2.984,0.000,-0.600
0.870,21.773,2.984,0.000,-0.600
0.875,21.773,2.984,0.000,-0.600
0.880,21.773,2.984,0.000,-0.600
0.885,21.773,2.984,0.000,-0.600
0.890,21.773,2.984,0.000,-0.600
0.895,21.773,2.984,0.000,-0.600
0.900,21.773,2.984,0.000,-0.600
0.905,21.773,2.984,0.000,-0.600
0.910,21.773,2.984,0.000,-0.600
0.915,21.773,2.984,0.000,-0.600
0.920,21.773,2.984,0.000,-0.600
0.925,21.773,2.984,0.000,-0.600
0.930,21.773,2.984,0.000,-0.600
0.935,21.773,2.984,0.000,-0.600
0.940,21.773,2.984,0.000,-0.600
0.945,21.773,2.984,0.000,-0.600
0.950,21.773,2.984,0.000,-0.600
0.955,21.773,2.984,0.000,-0.600
0.960,21.773,2.984,0.000,-0.600
0.965,21.773,2.984,0.000,-0.600
0.970,21.773,2.984,0.000,-0.600
0.975,21.773,2.984,0.000,-0.600
0.980,21.773,2.984,0.000,-0.600
0.985,21.773,2.984,0.000,-0.600
0.990,21.773,2.984,0.000,-0.600
0.995,21.773,2.984,0.000,-0.600
1.000,21.773,2.984,0.000,-0.600
1.005,21.773,2.984,0.000,-0.600
1.010,21.773,2.984,0.000,-0.600
1.015,21.853,2.980,0.000,-0.600
1.020,22.061,2.986,0.000,-0.600
1.025,22.415,3.004,0.000,-0.600
1.030,22.898,3.039,0.000,-0.600
1.035,23.366,3.125,0.000,-0.600
1.040,23.929,3.162,0.000,-0.600
1.045,24.433,3.206,0.000,-0.600
1.050,24.924,3.291,0.000,-0.600
1.055,25.407,3.326,0.000,-0.600
1.060,25.832,3.346,0.000,-0.600
1.065,26.178,3.385,0.000,-0.600
1.070,26.430,3.421,0.000,-0.600
1.075,26.661,3.421,0.000,-0.600
1.080,26.913,3.443,0.000,-0.600
1.085,27.223,3.480,0.000,-0.600
1.090,27.467,3.480,0.000,-0.600
1.095,27.706,3.516,0.000,-0.600
1.100,27.950,3.516,0.000,-0.600
1.105,28.202,3.559,0.000,-0.600
1.110,28.490,3.575,0.000,-0.600
1.115,28.858,3.593,0.000,-0.600
1.120,29.261,3.634,0.000,-0.600
1.125,29.585,3.650,0.000,-0.600
1.130,29.895,3.709,0.000,-0.600
1.135,30.125,3.709,0.000,-0.600
1.140,30.414,3.725,0.000,-0.600
1.145,30.724,3.785,0.000,-0.600
1.150,30.968,3.771,0.000,-0.600
1.155,31.220,3.806,0.000,-0.600
1.160,31.451,3.842,0.000,-0.600
1.165,31.645,3.862,0.000,-0.600
1.170,31.876,3.848,0.000,-0.600
1.175,32.164,3.885,0.000,-0.600
1.180,32.488,3.923,0.000,-0.600
1.185,32.718,3.944,0.000,-0.600
1.190,33.006,3.960,0.000,-0.600
1.195,33.215,3.980,0.000,-0.600
1.200,33.503,4.018,0.000,-0.600
1.205,33.755,4.053,0.000,-0.600
1.210,33.986,4.053,0.000,-0.600
1.215,34.288,4.113,0.000,-0.600
1.220,34.518,4.112,0.000,-0.600
1.225,34.771,4.156,0.000,-0.600
1.230,35.001,4.170,0.000,-0.600
1.235,35.245,4.192,0.000,-0.600
1.240,35.555,4.229,0.000,-0.600
1.245,35.857,4.253,0.000,-0.600
1.250,36.088,4.267,0.000,-0.600
1.255,36.398,4.326,0.000,-0.600
1.260,36.585,4.324,0.000,-0.600
1.265,36.895,4.383,0.000,-0.600
1.270,37.125,4.425,0.000,-0.600
1.275,37.471,4.465,0.000,-0.600
1.280,37.781,4.502,0.000,-0.600
1.285,38.083,4.540,0.000,-0.600
1.290,38.313,4.562,0.000,-0.600
1.295,38.557,4.597,0.000,-0.600
1.300,38.917,4.623,0.000,-0.600
1.305,39.285,4.676,0.000,-0.600
1.310,39.529,4.676,0.000,-0.600
1.315,39.803,4.763,0.000,-0.600
1.320,40.034,4.777,0.000,-0.600
1.325,40.300,4.835,0.000,-0.600
1.330,40.602,4.858,0.000,-0.600
1.335,40.948,4.912,0.000,-0.600
1.340,41.250,4.928,0.000,-0.600
1.345,41.560,4.987,0.000,-0.600
1.350,41.724,4.985,0.000,-0.600
1.355,42.034,5.044,0.000,-0.600
1.360,42.279,5.066,0.000,-0.600
1.365,42.638,5.106,0.000,-0.600
1.370,42.869,5.141,0.000,-0.600
1.375,43.113,5.163,0.000,-0.600
1.380,43.308,5.197,0.000,-0.600
1.385,43.473,5.217,0.000,-0.600
1.390,43.668,5.222,0.000,-0.600
1.395,43.890,5.258,0.000,-0.600
1.400,44.027,5.276,0.000,-0.600
1.405,44.200,5.318,0.000,-0.600
1.410,44.329,5.313,0.000,-0.600
1.415,44.502,5.333,0.000,-0.600
1.420,44.560,5.349,0.000,-0.600
1.425,44.617,5.351,0.000,-0.600
1.430,44.746,5.391,0.000,-0.600
1.435,44.746,5.391,0.000,-0.600
1.440,44.804,5.393,0.000,-0.600
1.445,44.804,5.393,0.000,-0.600
1.450,44.804,5.393,0.000,-0.600
1.455,44.804,5.393,0.000,-0.600
1.460,44.804,5.393,0.000,-0.600
1.465,44.804,5.393,0.000,-0.600
1.470,44.804,5.393,0.000,-0.600
1.475,44.804,5.393,0.000,-0.600
1.480,44.804,5.393,0.000,-0.600
1.485,44.804,5.393,0.000,-0.600
1.490,44.804,5.393,0.000,-0.600
1.495,44.804,5.393,0.000,-0.600
1.500,44.804,5.393,0.000,-0.600
1.505,44.804,5.393,0.000,-0.600
1.510,44.804,5.393,0.000,-0.600
1.515,44.804,5.393,0.000,-0.600
1.520,44.804,5.393,0.000,-0.600
1.525,44.804,5.393,0.000,-0.600
1.530,44.804,5.393,0.000,-0.600
1.535,44.804,5.393,0.000,-0.600
1.540,44.804,5.393,0.000,-0.600
1.545,44.804,5.393,0.000,-0.600
1.550,44.804,5.393,0.000,-0.600
1.555,44.804,5.393,0.000,-0.600
1.560,44.804,5.393,0.000,-0.600
1.565,44.804,5.393,0.000,-0.600
1.570,44.804,5.393,0.000,-0.600
1.575,44.804,5.393,0.000,-0.600
1.580,44.804,5.393,0.000,-0.600
1.585,44.804,5.393,0.000,-0.600
1.590,44.804,5.393,0.000,-0.600
1.595,44.804,5.393,0.000,-0.600
1.600,44.804,5.393,0.000,-0.600
1.605,44.804,5.393,0.000,-0.600
1.610,44.804,5.393,0.000,-0.600
1.615,44.746,5.391,0.000,-0.600
1.620,44.617,5.351,0.000,-0.600
1.625,44.387,5.337,0.000,-0.600
1.630,43.846,5.214,0.000,-0.600
1.635,43.070,5.119,0.000,-0.600
1.640,41.991,4.999,0.000,-0.600
1.645,40.860,4.803,0.000,-0.600
1.650,39.672,4.632,0.000,-0.600
1.655,38.412,4.478,0.000,-0.600
1.660,37.224,4.316,0.000,-0.600
1.665,36.116,4.203,0.000,-0.600
1.670,34.999,4.057,0.000,-0.600
1.675,33.912,3.946,0.000,-0.600
1.680,32.990,3.847,0.000,-0.600
1.685,32.104,3.770,0.000,-0.600
1.690,31.262,3.695,0.000,-0.600
1.695,30.420,3.620,0.000,-0.600
1.700,29.671,3.555,0.000,-0.600
1.705,28.900,3.481,0.000,-0.600
1.710,28.165,3.446,0.000,-0.600
1.715,27.437,3.367,0.000,-0.600
1.720,26.529,3.290,0.000,-0.600
1.725,25.737,3.231,0.000,-0.600
1.730,24.656,3.156,0.000,-0.600
1.735,23.690,3.099,0.000,-0.600
1.740,22.609,3.024,0.000,-0.600
1.745,21.521,2.963,0.000,-0.600
1.750,20.418,2.888,0.000,-0.600
1.755,19.387,2.829,0.000,-0.600
1.760,18.356,2.756,0.000,-0.600
1.765,17.404,2.734,0.000,-0.600
1.770,16.373,2.675,0.000,-0.600
1.775,15.457,2.634,0.000,-0.600
1.780,14.484,2.599,0.000,-0.600
1.785,13.453,2.561,0.000,-0.600
1.790,12.471,2.504,0.000,-0.600
1.795,11.382,2.465,0.000,-0.600
1.800,10.300,2.448,0.000,-0.600
1.805,9.189,2.409,0.000,-0.600
1.810,8.049,2.389,0.000,-0.600
1.815,7.010,2.352,0.000,-0.600
1.820,5.927,2.335,0.000,-0.600
1.825,4.786,2.323,0.000,-0.600
1.830,3.725,2.300,0.000,-0.600
1.835,2.643,2.318,0.000,-0.600
1.840,1.552,2.301,0.000,-0.600
1.845,0.584,2.280,0.000,-0.600
1.850,-0.498,2.284,0.000,-0.600
1.855,-1.531,2.241,0.000,-0.600
1.860,-2.622,2.267,0.000,-0.600
1.865,-3.641,2.224,0.000,-0.600
1.870,-4.674,2.195,0.000,-0.600
1.875,-5.751,2.193,0.000,-0.600
1.880,-6.713,2.138,0.000,-0.600
1.885,-7.710,2.153,0.000,-0.600
1.890,-8.795,2.088,0.000,-0.600
1.895,-9.756,2.068,0.000,-0.600
1.900,-10.783,2.019,0.000,-0.600
1.905,-11.789,1.978,0.000,-0.600
1.910,-12.816,1.950,0.000,-0.600
1.915,-13.807,1.881,0.000,-0.600
1.920,-14.697,1.836,0.000,-0.600
1.925,-15.754,1.751,0.000,-0.600
1.930,-16.630,1.686,0.000,-0.600
1.935,-17.643,1.617,0.000,-0.600
1.940,-18.599,1.550,0.000,-0.600
1.945,-19.461,1.457,0.000,-0.600
1.950,-20.460,1.409,0.000,-0.600
1.955,-21.314,1.324,0.000,-0.600
1.960,-22.191,1.293,0.000,-0.600
1.965,-22.995,1.182,0.000,-0.600
1.970,-23.893,1.131,0.000,-0.600
1.975,-24.596,1.050,0.000,-0.600
1.980,-25.415,1.000,0.000,-0.600
1.985,-26.052,0.949,0.000,-0.600
1.990,-26.712,0.820,0.000,-0.600
1.995,-27.393,0.753,0.000,-0.600
2.000,-27.930,0.683,0.000,-0.600
2.005,-28.554,0.590,0.000,-0.600
2.010,-29.148,0.525,0.000,-0.600
2.015,-29.714,0.436,0.000,-0.600
2.020,-30.250,0.366,0.000,-0.600
2.025,-30.773,0.241,0.000,-0.600
2.030,-31.295,0.172,0.000,-0.600
2.035,-31.752,0.055,0.000,-0.600
2.040,-32.209,-0.005,0.000,-0.600
2.045,-32.551,-0.140,0.000,-0.600
2.050,-32.870,-0.225,0.000,-0.600
2.055,-33.270,-0.340,0.000,-0.600
2.060,-33.625,-0.411,0.000,-0.600
2.065,-33.901,-0.495,0.000,-0.600
2.070,-34.134,-0.584,0.000,-0.600
2.075,-34.424,-0.648,0.000,-0.600
2.080,-34.620,-0.715,0.000,-0.600
2.085,-34.853,-0.798,0.000,-0.600
2.090,-35.020,-0.844,0.000,-0.600
2.095,-35.195,-0.912,0.000,-0.600
2.100,-35.361,-0.957,0.000,-0.600
2.105,-35.485,-0.981,0.000,-0.600
2.110,-35.528,-1.025,0.000,-0.600
2.115,-35.638,-1.049,0.000,-0.600
2.120,-35.638,-1.090,0.000,-0.600
2.125,-35.638,-1.090,0.000,-0.600
2.130,-35.624,-1.132,0.000,-0.600
2.135,-35.624,-1.132,0.000,-0.600
2.140,-35.624,-1.132,0.000,-0.600
2.145,-35.624,-1.132,0.000,-0.600
2.150,-35.624,-1.132,0.000,-0.600
2.155,-35.624,-1.132,0.000,-0.600
2.160,-35.624,-1.132,0.000,-0.600
2.165,-35.624,-1.132,0.000,-0.600
2.170,-35.624,-1.132,0.000,-0.600
2.175,-35.624,-1.132,0.000,-0.600
2.180,-35.624,-1.132,0.000,-0.600
2.185,-35.624,-1.132,0.000,-0.600
2.190,-35.624,-1.132,0.000,-0.600
2.195,-35.624,-1.132,0.000,-0.600
2.200,-35.624,-1.132,0.000,-0.600
2.205,-35.624,-1.132,0.000,-0.600
2.210,-35.624,-1.132,0.000,-0.600
2.215,-35.624,-1.132,0.000,-0.600
2.220,-35.624,-1.132,0.000,-0.600
2.225,-35.624,-1.132,0.000,-0.600
2.230,-35.624,-1.132,0.000,-0.600
2.235,-35.624,-1.132,0.000,-0.600
2.240,-35.624,-1.132,0.000,-0.600
2.245,-35.624,-1.132,0.000,-0.600
2.250,-35.624,-1.132,0.000,-0.600
2.255,-35.624,-1.132,0.000,-0.600
2.260,-35.624,-1.132,0.000,-0.600
2.265,-35.624,-1.132,0.000,-0.600
2.270,-35.624,-1.132,0.000,-0.600
2.275,-35.624,-1.132,0.000,-0.600
2.280,-35.624,-1.132,0.000,-0.600
2.285,-35.624,-1.132,0.000,-0.600
2.290,-35.624,-1.132,0.000,-0.600
2.295,-35.624,-1.132,0.000,-0.600
2.300,-35.624,-1.132,0.000,-0.600
2.305,-35.566,-1.130,0.000,-0.600
2.310,-35.276,-1.172,0.000,-0.600
2.315,-34.769,-1.216,0.000,-0.600
2.320,-34.082,-1.276,0.000,-0.600
2.325,-33.228,-1.374,0.000,-0.600
2.330,-32.272,-1.462,0.000,-0.600
2.335,-31.281,-1.528,0.000,-0.600
2.340,-30.290,-1.629,0.000,-0.600
2.345,-29.364,-1.711,0.000,-0.600
2.350,-28.496,-1.773,0.000,-0.600
2.355,-27.649,-1.877,0.000,-0.600
2.360,-26.904,-1.943,0.000,-0.600
2.365,-26.217,-1.981,0.000,-0.600
2.370,-25.494,-2.061,0.000,-0.600
2.375,-24.930,-2.081,0.000,-0.600
2.380,-24.387,-2.109,0.000,-0.600
2.385,-23.845,-2.151,0.000,-0.600
2.390,-23.404,-2.189,0.000,-0.600
2.395,-22.919,-2.233,0.000,-0.600
2.400,-22.420,-2.269,0.000,-0.600
2.405,-22.059,-2.273,0.000,-0.600
2.410,-21.618,-2.339,0.000,-0.600
2.415,-21.177,-2.377,0.000,-0.600
2.420,-20.678,-2.399,0.000,-0.600
2.425,-20.259,-2.423,0.000,-0.600
2.430,-19.774,-2.459,0.000,-0.600
2.435,-19.210,-2.465,0.000,-0.600
2.440,-18.654,-2.507,0.000,-0.600
2.445,-18.199,-2.551,0.000,-0.600
2.450,-17.780,-2.589,0.000,-0.600
2.455,-17.303,-2.633,0.000,-0.600
2.460,-16.862,-2.677,0.000,-0.600
2.465,-16.530,-2.739,0.000,-0.600
2.470,-16.212,-2.787,0.000,-0.600
2.475,-15.837,-2.833,0.000,-0.600
2.480,-15.403,-2.912,0.000,-0.600
2.485,-15.072,-2.980,0.000,-0.600
2.490,-14.726,-3.070,0.000,-0.600
2.495,-14.337,-3.157,0.000,-0.600
2.500,-13.890,-3.265,0.000,-0.600
2.505,-13.456,-3.351,0.000,-0.600
2.510,-13.111,-3.466,0.000,-0.600
2.515,-12.765,-3.613,0.000,-0.600
2.520,-12.413,-3.765,0.000,-0.600
2.525,-12.147,-3.898,0.000,-0.600
2.530,-11.766,-4.049,0.000,-0.600
2.535,-11.485,-4.224,0.000,-0.600
2.540,-11.191,-4.405,0.000,-0.600
2.545,-10.897,-4.622,0.000,-0.600
2.550,-10.705,-4.799,0.000,-0.600
2.555,-10.411,-5.016,0.000,-0.600
2.560,-10.081,-5.252,0.000,-0.600
2.565,-9.773,-5.475,0.000,-0.600
2.570,-9.451,-5.734,0.000,-0.600
2.575,-9.200,-5.958,0.000,-0.600
2.580,-8.936,-6.203,0.000,-0.600
2.585,-8.672,-6.464,0.000,-0.600
2.590,-8.465,-6.724,0.000,-0.600
2.595,-8.245,-6.993,0.000,-0.600
2.600,-8.060,-7.275,0.000,-0.600
2.605,-7.839,-7.535,0.000,-0.600
2.610,-7.654,-7.804,0.000,-0.600
2.615,-7.434,-8.050,0.000,-0.600
2.620,-7.249,-8.291,0.000,-0.600
2.625,-6.949,-8.571,0.000,-0.600
2.630,-6.822,-8.792,0.000,-0.600
2.635,-6.615,-9.033,0.000,-0.600
2.640,-6.488,-9.253,0.000,-0.600
2.645,-6.375,-9.454,0.000,-0.600
2.650,-6.275,-9.605,0.000,-0.600
2.655,-6.206,-9.786,0.000,-0.600
2.660,-6.098,-9.896,0.000,-0.600
2.665,-5.999,-10.027,0.000,-0.600
2.670,-5.957,-10.138,0.000,-0.600
2.675,-5.886,-10.206,0.000,-0.600
2.680,-5.858,-10.289,0.000,-0.600
2.685,-5.844,-10.331,0.000,-0.600
2.690,-5.830,-10.359,0.000,-0.600
2.695,-5.830,-10.359,0.000,-0.600
2.700,-5.830,-10.359,0.000,-0.600
2.705,-5.830,-10.359,0.000,-0.600
2.710,-5.830,-10.359,0.000,-0.600
2.715,-5.830,-10.359,0.000,-0.600
2.720,-5.830,-10.359,0.000,-0.600
2.725,-5.830,-10.359,0.000,-0.600
2.730,-5.830,-10.359,0.000,-0.600
2.735,-5.830,-10.359,0.000,-0.600
2.740,-5.830,-10.359,0.000,-0.600
2.745,-5.830,-10.359,0.000,-0.600
2.750,-5.830,-10.359,0.000,-0.600
2.755,-5.830,-10.359,0.000,-0.600
2.760,-5.830,-10.359,0.000,-0.600
2.765,-5.830,-10.359,0.000,-0.600
2.770,-5.830,-10.359,0.000,-0.600
2.775,-5.830,-10.359,0.000,-0.600
2.780,-5.830,-10.359,0.000,-0.600
2.785,-5.830,-10.359,0.000,-0.600
2.790,-5.830,-10.359,0.000,-0.600
2.795,-5.830,-10.359,0.000,-0.600
2.800,-5.830,-10.359,0.000,-0.600
2.805,-5.830,-10.359,0.000,-0.600
2.810,-5.830,-10.359,0.000,-0.600
2.815,-5.830,-10.359,0.000,-0.600
2.820,-5.830,-10.359,0.000,-0.600
2.825,-5.830,-10.359,0.000,-0.600
2.830,-5.830,-10.359,0.000,-0.600
2.835,-5.830,-10.359,0.000,-0.600
2.840,-5.830,-10.359,0.000,-0.600
2.845,-5.830,-10.359,0.000,-0.600
2.850,-5.830,-10.359,0.000,-0.600
2.855,-5.830,-10.359,0.000,-0.600
2.860,-5.830,-10.359,0.000,-0.600
2.865,-5.830,-10.359,0.000,-0.600
2.870,-5.830,-10.359,0.000,-0.600
2.875,-5.830,-10.359,0.000,-0.600
2.880,-5.830,-10.359,0.000,-0.600
2.885,-5.830,-10.359,0.000,-0.600
2.890,-5.830,-10.359,0.000,-0.600
2.895,-5.830,-10.359,0.000,-0.600
2.900,-5.830,-10.359,0.000,-0.600
2.905,-5.830,-10.359,0.000,-0.600
2.910,-5.830,-10.359,0.000,-0.600
2.915,-5.830,-10.359,0.000,-0.600
2.920,-5.830,-10.359,0.000,-0.600
2.925,-5.830,-10.359,0.000,-0.600
2.930,-5.830,-10.359,0.000,-0.600
2.935,-5.830,-10.359,0.000,-0.600
2.940,-5.830,-10.359,0.000,-0.600
2.945,-5.830,-10.359,0.000,-0.600
2.950,-5.830,-10.359,0.000,-0.600
2.955,-5.830,-10.359,0.000,-0.600
2.960,-5.830,-10.359,0.000,-0.600
2.965,-5.830,-10.359,0.000,-0.600
2.970,-5.830,-10.359,0.000,-0.600
2.975,-5.830,-10.359,0.000,-0.600
2.980,-5.830,-10.359,0.000,-0.600
2.985,-5.830,-10.359,0.000,-0.600
2.990,-5.830,-10.359,0.000,-0.600
2.995,-5.830,-10.359,0.000,-0.600
3.000,-5.830,-10.359,0.000,-0.600
3.005,-5.830,-10.359,0.000,-0.600
3.010,-5.816,-10.401,0.000,-0.600
3.015,-5.802,-10.442,0.000,-0.600
3.020,-5.788,-10.512,0.000,-0.600
3.025,-5.747,-10.623,0.000,-0.600
3.030,-5.719,-10.735,0.000,-0.600
3.035,-5.649,-10.929,0.000,-0.600
3.040,-5.566,-11.152,0.000,-0.600
3.045,-5.468,-11.458,0.000,-0.600
3.050,-5.357,-11.792,0.000,-0.600
3.055,-5.204,-12.251,0.000,-0.600
3.060,-5.037,-12.739,0.000,-0.600
3.065,-4.856,-13.267,0.000,-0.600
3.070,-4.647,-13.866,0.000,-0.600
3.075,-4.411,-14.548,0.000,-0.600
3.080,-4.160,-15.257,0.000,-0.600
3.085,-3.868,-16.092,0.000,-0.600
3.090,-3.496,-16.911,0.000,-0.600
3.095,-3.119,-17.786,0.000,-0.600
3.100,-2.655,-18.736,0.000,-0.600
3.105,-2.156,-19.701,0.000,-0.600
3.110,-1.515,-20.717,0.000,-0.600
3.115,-0.793,-21.725,0.000,-0.600
3.120,-0.094,-22.711,0.000,-0.600
3.125,0.590,-23.804,0.000,-0.600
3.130,1.266,-24.884,0.000,-0.600
3.135,1.920,-25.985,0.000,-0.600
3.140,2.494,-27.103,0.000,-0.600
3.145,3.039,-28.214,0.000,-0.600
3.150,3.691,-29.401,0.000,-0.600
3.155,4.206,-30.570,0.000,-0.600
3.160,4.765,-31.695,0.000,-0.600
3.165,5.307,-32.878,0.000,-0.600
3.170,5.943,-34.059,0.000,-0.600
3.175,6.500,-35.297,0.000,-0.600
3.180,7.057,-36.480,0.000,-0.600
3.185,7.691,-37.669,0.000,-0.600
3.190,8.383,-38.906,0.000,-0.600
3.195,8.995,-40.158,0.000,-0.600
3.200,9.621,-41.369,0.000,-0.600
3.205,10.261,-42.607,0.000,-0.600
3.210,10.901,-43.846,0.000,-0.600
3.215,11.555,-45.071,0.000,-0.600
3.220,12.209,-46.309,0.000,-0.600
3.225,12.891,-47.562,0.000,-0.600
3.230,13.559,-48.772,0.000,-0.600
3.235,14.241,-49.997,0.000,-0.600
3.240,14.951,-51.235,0.000,-0.600
3.245,15.675,-52.474,0.000,-0.600
3.250,16.370,-53.712,0.000,-0.600
3.255,17.108,-54.909,0.000,-0.600
3.260,17.845,-56.134,0.000,-0.600
3.265,18.597,-57.358,0.000,-0.600
3.270,19.321,-58.541,0.000,-0.600
3.275,20.086,-59.752,0.000,-0.600
3.280,20.837,-60.963,0.000,-0.600
3.285,21.617,-62.132,0.000,-0.600
3.290,22.354,-63.273,0.000,-0.600
3.295,23.120,-64.442,0.000,-0.600
3.300,23.885,-65.555,0.000,-0.600
3.305,24.636,-66.668,0.000,-0.600
3.310,25.388,-67.768,0.000,-0.600
3.315,26.112,-68.839,0.000,-0.600
3.320,26.877,-69.883,0.000,-0.600
3.325,27.587,-70.871,0.000,-0.600
3.330,28.282,-71.845,0.000,-0.600
3.335,28.992,-72.847,0.000,-0.600
3.340,29.702,-73.779,0.000,-0.600
3.345,30.370,-74.670,0.000,-0.600
3.350,31.038,-75.561,0.000,-0.600
3.355,31.678,-76.409,0.000,-0.600
3.360,32.318,-77.230,0.000,-0.600
3.365,32.972,-78.079,0.000,-0.600
3.370,33.584,-78.859,0.000,-0.600
3.375,34.211,-79.652,0.000,-0.600
3.380,34.823,-80.417,0.000,-0.600
3.385,35.449,-81.197,0.000,-0.600
3.390,36.048,-81.934,0.000,-0.600
3.395,36.660,-82.672,0.000,-0.600
3.400,37.244,-83.381,0.000,-0.600
3.405,37.801,-84.049,0.000,-0.600
3.410,38.358,-84.759,0.000,-0.600
3.415,38.956,-85.427,0.000,-0.600
3.420,39.499,-86.095,0.000,-0.600
3.425,40.042,-86.693,0.000,-0.600
3.430,40.584,-87.333,0.000,-0.600
3.435,41.113,-87.932,0.000,-0.600
3.440,41.628,-88.530,0.000,-0.600
3.445,42.185,-89.156,0.000,-0.600
3.450,42.713,-89.741,0.000,-0.600
3.455,43.270,-90.367,0.000,-0.600
3.460,43.785,-90.938,0.000,-0.600
3.465,44.314,-91.522,0.000,-0.600
3.470,44.815,-92.079,0.000,-0.600
3.475,45.371,-92.663,0.000,-0.600
3.480,45.872,-93.220,0.000,-0.600
3.485,46.387,-93.763,0.000,-0.600
3.490,46.916,-94.319,0.000,-0.600
3.495,47.403,-94.834,0.000,-0.600
3.500,47.904,-95.363,0.000,-0.600
3.505,48.391,-95.878,0.000,-0.600
3.510,48.892,-96.393,0.000,-0.600
3.515,49.393,-96.908,0.000,-0.600
3.520,49.894,-97.423,0.000,-0.600
3.525,50.395,-97.924,0.000,-0.600
3.530,50.896,-98.438,0.000,-0.600
3.535,51.369,-98.912,0.000,-0.600
3.540,51.870,-99.427,0.000,-0.600
3.545,52.413,-99.969,0.000,-0.600
3.550,52.928,-100.484,0.000,-0.600
3.555,53.457,-100.985,0.000,-0.600
3.560,53.920,-101.530,0.000,-0.600
3.565,54.292,-102.041,0.000,-0.600
3.570,54.584,-102.595,0.000,-0.600
3.575,54.912,-103.136,0.000,-0.600
3.580,55.053,-103.722,0.000,-0.600
3.585,55.223,-104.314,0.000,-0.600
3.590,55.314,-104.881,0.000,-0.600
3.595,55.398,-105.461,0.000,-0.600
3.600,55.555,-105.990,0.000,-0.600
3.605,55.691,-106.507,0.000,-0.600
3.610,55.898,-107.013,0.000,-0.600
3.615,56.091,-107.514,0.000,-0.600
3.620,56.248,-108.029,0.000,-0.600
3.625,56.413,-108.502,0.000,-0.600
3.630,56.542,-108.975,0.000,-0.600
3.635,56.787,-109.410,0.000,-0.600
3.640,56.902,-109.856,0.000,-0.600
3.645,56.998,-110.273,0.000,-0.600
3.650,57.135,-110.696,0.000,-0.600
3.655,57.124,-111.130,0.000,-0.600
3.660,57.233,-111.525,0.000,-0.600
3.665,57.279,-111.915,0.000,-0.600
3.670,57.361,-112.318,0.000,-0.600
3.675,57.500,-112.678,0.000,-0.600
3.680,57.540,-113.018,0.000,-0.600
3.685,57.552,-113.351,0.000,-0.600
3.690,57.542,-113.699,0.000,-0.600
3.695,57.554,-114.011,0.000,-0.600
3.700,57.539,-114.317,0.000,-0.600
3.705,57.594,-114.607,0.000,-0.600
3.710,57.622,-114.870,0.000,-0.600
3.715,57.551,-115.112,0.000,-0.600
3.720,57.485,-115.390,0.000,-0.600
3.725,57.386,-115.605,0.000,-0.600
3.730,57.180,-115.843,0.000,-0.600
3.735,57.039,-116.030,0.000,-0.600
3.740,56.961,-116.223,0.000,-0.600
3.745,56.792,-116.404,0.000,-0.600
3.750,56.667,-116.527,0.000,-0.600
3.755,56.514,-116.636,0.000,-0.600
3.760,56.290,-116.753,0.000,-0.600
3.765,55.972,-116.872,0.000,-0.600
3.770,55.777,-116.954,0.000,-0.600
3.775,55.497,-117.023,0.000,-0.600
3.780,55.203,-117.085,0.000,-0.600
3.785,54.973,-117.138,0.000,-0.600
3.790,54.750,-117.192,0.000,-0.600
3.795,54.514,-117.232,0.000,-0.600
3.800,54.263,-117.257,0.000,-0.600
3.805,54.027,-117.275,0.000,-0.600
3.810,53.790,-117.323,0.000,-0.600
3.815,53.612,-117.333,0.000,-0.600
3.820,53.375,-117.372,0.000,-0.600
3.825,53.210,-117.382,0.000,-0.600
3.830,53.031,-117.392,0.000,-0.600
3.835,52.888,-117.416,0.000,-0.600
3.840,52.723,-117.448,0.000,-0.600
3.845,52.545,-117.458,0.000,-0.600
3.850,52.401,-117.468,0.000,-0.600
3.855,52.237,-117.491,0.000,-0.600
3.860,52.058,-117.523,0.000,-0.600
3.865,51.893,-117.533,0.000,-0.600
3.870,51.750,-117.543,0.000,-0.600
3.875,51.678,-117.537,0.000,-0.600
3.880,51.499,-117.569,0.000,-0.600
3.885,51.499,-117.569,0.000,-0.600
3.890,51.406,-117.563,0.000,-0.600
3.895,51.334,-117.592,0.000,-0.600
3.900,51.334,-117.592,0.000,-0.600
3.905,51.249,-117.586,0.000,-0.600
3.910,51.249,-117.586,0.000,-0.600
3.915,51.249,-117.586,0.000,-0.600
3.920,51.249,-117.586,0.000,-0.600
3.925,51.249,-117.586,0.000,-0.600
3.930,51.249,-117.586,0.000,-0.600
3.935,51.249,-117.586,0.000,-0.600
3.940,51.249,-117.586,0.000,-0.600
3.945,51.249,-117.586,0.000,-0.600
3.950,51.249,-117.586,0.000,-0.600
3.955,51.249,-117.586,0.000,-0.600
3.960,51.249,-117.586,0.000,-0.600
3.965,51.249,-117.586,0.000,-0.600
3.970,51.249,-117.586,0.000,-0.600
3.975,51.249,-117.586,0.000,-0.600
3.980,51.249,-117.586,0.000,-0.600
3.985,51.249,-117.586,0.000,-0.600
3.990,51.249,-117.586,0.000,-0.600
3.995,51.249,-117.586,0.000,-0.600
4.000,51.249,-117.586,0.000,-0.600
4.005,51.249,-117.586,0.000,-0.600
4.010,51.249,-117.586,0.000,-0.600
4.015,51.249,-117.586,0.000,-0.600
4.020,51.249,-117.586,0.000,-0.600
4.025,51.249,-117.586,0.000,-0.600
4.030,51.249,-117.586,0.000,-0.600
4.035,51.249,-117.586,0.000,-0.600
4.040,51.249,-117.586,0.000,-0.600
4.045,51.249,-117.586,0.000,-0.600
4.050,51.249,-117.586,0.000,-0.600
4.055,51.249,-117.586,0.000,-0.600
4.060,51.249,-117.586,0.000,-0.600
4.065,51.249,-117.586,0.000,-0.600
4.070,51.249,-117.586,0.000,-0.600
4.075,51.249,-117.586,0.000,-0.600
4.080,51.249,-117.586,0.000,-0.600
4.085,51.235,-117.559,0.000,-0.600
4.090,51.207,-117.531,0.000,-0.600
4.095,51.166,-117.503,0.000,-0.600
4.100,51.138,-117.475,0.000,-0.600
4.105,51.082,-117.419,0.000,-0.600
4.110,51.040,-117.392,0.000,-0.600
4.115,50.999,-117.350,0.000,-0.600
4.120,50.901,-117.266,0.000,-0.600
4.125,50.832,-117.211,0.000,-0.600
4.130,50.748,-117.141,0.000,-0.600
4.135,50.692,-117.085,0.000,-0.600
4.140,50.609,-117.016,0.000,-0.600
4.145,50.511,-116.932,0.000,-0.600
4.150,50.414,-116.849,0.000,-0.600
4.155,50.331,-116.765,0.000,-0.600
4.160,50.247,-116.682,0.000,-0.600
4.165,50.177,-116.626,0.000,-0.600
4.170,50.094,-116.557,0.000,-0.600
4.175,49.997,-116.473,0.000,-0.600
4.180,49.955,-116.431,0.000,-0.600
4.185,49.857,-116.348,0.000,-0.600
4.190,49.802,-116.292,0.000,-0.600
4.195,49.746,-116.250,0.000,-0.600
4.200,49.649,-116.167,0.000,-0.600
4.205,49.593,-116.111,0.000,-0.600
4.210,49.537,-116.056,0.000,-0.600
4.215,49.510,-116.028,0.000,-0.600
4.220,49.440,-115.972,0.000,-0.600
4.225,49.384,-115.917,0.000,-0.600
4.230,49.343,-115.889,0.000,-0.600
4.235,49.329,-115.875,0.000,-0.600
4.240,49.301,-115.847,0.000,-0.600
4.245,49.273,-115.819,0.000,-0.600
4.250,49.231,-115.791,0.000,-0.600
4.255,49.203,-115.763,0.000,-0.600
4.260,49.176,-115.736,0.000,-0.600
4.265,49.176,-115.736,0.000,-0.600
4.270,49.148,-115.708,0.000,-0.600
4.275,49.148,-115.708,0.000,-0.600
4.280,49.120,-115.694,0.000,-0.600
4.285,49.120,-115.694,0.000,-0.600
4.290,49.120,-115.694,0.000,-0.600
4.295,49.120,-115.694,0.000,-0.600
4.300,49.120,-115.694,0.000,-0.600
4.305,49.120,-115.694,0.000,-0.600
4.310,49.120,-115.694,0.000,-0.600
4.315,49.120,-115.694,0.000,-0.600
4.320,49.120,-115.694,0.000,-0.600
4.325,49.120,-115.694,0.000,-0.600
4.330,49.120,-115.694,0.000,-0.600
4.335,49.120,-115.694,0.000,-0.600
4.340,49.120,-115.694,0.000,-0.600
4.345,49.120,-115.694,0.000,-0.600
4.350,49.120,-115.694,0.000,-0.600
4.355,49.120,-115.694,0.000,-0.600
4.360,49.120,-115.694,0.000,-0.600
4.365,49.120,-115.694,0.000,-0.600
4.370,49.120,-115.694,0.000,-0.600
4.375,49.120,-115.694,0.000,-0.600
4.380,49.120,-115.694,0.000,-0.600
4.385,49.120,-115.694,0.000,-0.600
4.390,49.120,-115.694,0.000,-0.600
4.395,49.120,-115.694,0.000,-0.600
4.400,49.120,-115.694,0.000,-0.600
4.405,49.120,-115.694,0.000,-0.600
4.410,49.120,-115.694,0.000,-0.600
4.415,49.120,-115.694,0.000,-0.600
4.420,49.120,-115.694,0.000,-0.600
4.425,49.120,-115.694,0.000,-0.600
4.430,49.120,-115.694,0.000,-0.600
4.435,49.120,-115.694,0.000,-0.600
4.440,49.120,-115.694,0.000,-0.600
4.445,49.120,-115.694,0.000,-0.600
4.450,49.120,-115.694,0.000,-0.600
4.455,49.120,-115.694,0.000,-0.600
4.460,49.120,-115.694,0.000,-0.600
4.465,49.120,-115.694,0.000,-0.600
4.470,49.120,-115.694,0.000,-0.600
4.475,49.120,-115.694,0.000,-0.600
4.480,49.120,-115.694,0.000,-0.600
4.485,49.120,-115.694,0.000,-0.600
4.490,49.120,-115.694,0.000,-0.600
4.495,49.120,-115.694,0.000,-0.600
4.500,49.120,-115.694,0.000,-0.600
4.505,49.120,-115.694,0.000,-0.600
4.510,49.120,-115.694,0.000,-0.600
4.515,49.120,-115.694,0.000,-0.600
4.520,49.120,-115.694,0.000,-0.600
4.525,49.120,-115.694,0.000,-0.600
4.530,49.120,-115.694,0.000,-0.600
4.535,49.120,-115.694,0.000,-0.600
4.540,49.120,-115.694,0.000,-0.600
4.545,49.120,-115.694,0.000,-0.600
4.550,49.120,-115.694,0.000,-0.600
4.555,49.120,-115.694,0.000,-0.600
4.560,49.120,-115.694,0.000,-0.600
4.565,49.120,-115.694,0.000,-0.600
4.570,49.120,-115.694,0.000,-0.600
4.575,49.120,-115.694,0.000,-0.600
4.580,49.120,-115.694,0.000,-0.600
4.585,49.120,-115.694,0.000,-0.600
4.590,49.120,-115.694,0.000,-0.600
4.595,49.120,-115.694,0.000,-0.600
4.600,49.120,-115.694,0.000,-0.600
4.605,49.120,-115.694,0.000,-0.600
4.610,49.120,-115.694,0.000,-0.600
4.615,49.120,-115.694,0.000,-0.600
4.620,49.120,-115.694,0.000,-0.600
4.625,49.120,-115.694,0.000,-0.600
4.630,49.120,-115.694,0.000,-0.600
4.635,49.120,-115.694,0.000,-0.600
4.640,49.120,-115.694,0.000,-0.600
4.645,49.120,-115.694,0.000,-0.600
4.650,49.120,-115.694,0.000,-0.600
4.655,49.120,-115.694,0.000,-0.600
4.660,49.120,-115.694,0.000,-0.600
4.665,49.120,-115.694,0.000,-0.600
4.670,49.120,-115.694,0.000,-0.600
4.675,49.120,-115.694,0.000,-0.600
4.680,49.120,-115.694,0.000,-0.600
4.685,49.120,-115.694,0.000,-0.600
4.690,49.120,-115.694,0.000,-0.600
4.695,49.120,-115.694,0.000,-0.600
4.700,49.120,-115.694,0.000,-0.600
4.705,49.120,-115.694,0.000,-0.600
4.710,49.120,-115.694,0.000,-0.600
4.715,49.120,-115.694,0.000,-0.600
4.720,49.120,-115.694,0.000,-0.600
4.725,49.120,-115.694,0.000,-0.600
4.730,49.120,-115.694,0.000,-0.600
4.735,49.120,-115.694,0.000,-0.600
4.740,49.120,-115.694,0.000,-0.600
4.745,49.120,-115.694,0.000,-0.600
4.750,49.120,-115.694,0.000,-0.600
4.755,49.120,-115.694,0.000,-0.600
4.760,49.120,-115.694,0.000,-0.600
4.765,49.120,-115.694,0.000,-0.600
4.770,49.120,-115.694,0.000,-0.600
4.775,49.120,-115.694,0.000,-0.600
4.780,49.120,-115.694,0.000,-0.600
4.785,49.120,-115.694,0.000,-0.600
4.790,49.120,-115.694,0.000,-0.600
4.795,49.120,-115.694,0.000,-0.600
4.800,49.120,-115.694,0.000,-0.600
4.805,49.120,-115.694,0.000,-0.600
4.810,49.120,-115.694,0.000,-0.600
4.815,49.120,-115.694,0.000,-0.600
4.820,49.120,-115.694,0.000,-0.600
4.825,49.120,-115.694,0.000,-0.600
4.830,49.120,-115.694,0.000,-0.600
4.835,49.120,-115.694,0.000,-0.600
4.840,49.120,-115.694,0.000,-0.600
4.845,49.120,-115.694,0.000,-0.600
4.850,49.120,-115.694,0.000,-0.600
4.855,49.120,-115.694,0.000,-0.600
4.860,49.120,-115.694,0.000,-0.600
4.865,49.120,-115.694,0.000,-0.600
4.870,49.120,-115.694,0.000,-0.600
4.875,49.120,-115.694,0.000,-0.600
4.880,49.120,-115.694,0.000,-0.600
4.885,49.120,-115.694,0.000,-0.600
4.890,49.120,-115.694,0.000,-0.600
4.895,49.120,-115.694,0.000,-0.600
4.900,49.120,-115.694,0.000,-0.600
4.905,49.120,-115.694,0.000,-0.600
4.910,49.120,-115.694,0.000,-0.600
4.915,49.120,-115.694,0.000,-0.600
4.920,49.120,-115.694,0.000,-0.600
4.925,49.120,-115.694,0.000,-0.600
4.930,49.120,-115.694,0.000,-0.600
4.935,49.120,-115.694,0.000,-0.600
4.940,49.120,-115.694,0.000,-0.600
4.945,49.120,-115.694,0.000,-0.600
4.950,49.120,-115.694,0.000,-0.600
4.955,49.120,-115.694,0.000,-0.600
4.960,49.120,-115.694,0.000,-0.600
4.965,49.120,-115.694,0.000,-0.600
4.970,49.120,-115.694,0.000,-0.600
4.975,49.120,-115.694,0.000,-0.600
4.980,49.120,-115.694,0.000,-0.600
4.985,49.120,-115.694,0.000,-0.600
4.990,49.120,-115.694,0.000,-0.600
4.995,49.120,-115.694,0.000,-0.600
5.000,49.120,-115.694,0.000,-0.600
5.005,49.120,-115.694,0.000,-0.600
5.010,49.120,-115.694,0.000,-0.600
5.015,49.120,-115.694,0.000,-0.600
5.020,49.120,-115.694,0.000,-0.600
5.025,49.120,-115.694,0.000,-0.600
5.030,49.120,-115.694,0.000,-0.600
5.035,49.120,-115.694,0.000,-0.600
5.040,49.120,-115.694,0.000,-0.600
5.045,49.120,-115.694,0.000,-0.600
5.050,49.120,-115.694,0.000,-0.600
5.055,49.120,-115.694,0.000,-0.600
5.060,49.120,-115.694,0.000,-0.600
5.065,49.120,-115.694,0.000,-0.600
5.070,49.120,-115.694,0.000,-0.600
5.075,49.120,-115.694,0.000,-0.600
5.080,49.120,-115.694,0.000,-0.600
5.085,49.120,-115.694,0.000,-0.600
5.090,49.120,-115.694,0.000,-0.600
5.095,49.120,-115.694,0.000,-0.600
5.100,49.120,-115.694,0.000,-0.600
5.105,49.120,-115.694,0.000,-0.600
5.110,49.120,-115.694,0.000,-0.600
5.115,49.120,-115.694,0.000,-0.600
5.120,49.120,-115.694,0.000,-0.600
5.125,49.120,-115.694,0.000,-0.600
5.130,49.120,-115.694,0.000,-0.600
5.135,49.120,-115.694,0.000,-0.600
5.140,49.120,-115.694,0.000,-0.600
5.145,49.120,-115.694,0.000,-0.600
5.150,49.120,-115.694,0.000,-0.600
5.155,49.120,-115.694,0.000,-0.600
5.160,49.120,-115.694,0.000,-0.600
5.165,49.120,-115.694,0.000,-0.600
5.170,49.120,-115.694,0.000,-0.600
5.175,49.120,-115.694,0.000,-0.600
5.180,49.120,-115.694,0.000,-0.600
5.185,49.120,-115.694,0.000,-0.600
5.190,49.120,-115.694,0.000,-0.600
5.195,49.120,-115.694,0.000,-0.600
5.200,49.120,-115.694,0.000,-0.600
5.205,49.120,-115.694,0.000,-0.600
5.210,49.120,-115.694,0.000,-0.600
5.215,49.120,-115.694,0.000,-0.600
5.220,49.120,-115.694,0.000,-0.600
5.225,49.191,-115.686,0.000,-0.600
5.230,49.191,-115.686,0.000,-0.600
5.235,49.263,-115.670,0.000,-0.600
5.240,49.356,-115.676,0.000,-0.600
5.245,49.356,-115.676,0.000,-0.600
5.250,49.428,-115.660,0.000,-0.600
5.255,49.535,-115.644,0.000,-0.600
5.260,49.607,-115.650,0.000,-0.600
5.265,49.607,-115.650,0.000,-0.600
5.270,49.700,-115.634,0.000,-0.600
5.275,49.700,-115.634,0.000,-0.600
5.280,49.736,-115.626,0.000,-0.600
5.285,49.736,-115.626,0.000,-0.600
5.290,49.736,-115.626,0.000,-0.600
5.295,49.736,-115.626,0.000,-0.600
5.300,49.736,-115.626,0.000,-0.600
5.305,49.843,-115.611,0.000,-0.600
5.310,49.843,-115.611,0.000,-0.600
5.315,49.843,-115.611,0.000,-0.600
5.320,49.843,-115.611,0.000,-0.600
5.325,49.843,-115.611,0.000,-0.600
5.330,49.843,-115.611,0.000,-0.600
5.335,49.843,-115.611,0.000,-0.600
5.340,49.843,-115.611,0.000,-0.600
5.345,49.843,-115.611,0.000,-0.600
5.350,49.843,-115.611,0.000,-0.600
5.355,49.843,-115.611,0.000,-0.600
5.360,49.843,-115.611,0.000,-0.600
5.365,49.843,-115.611,0.000,-0.600
5.370,49.843,-115.611,0.000,-0.600
5.375,49.843,-115.611,0.000,-0.600
5.380,49.843,-115.611,0.000,-0.600
5.385,49.843,-115.611,0.000,-0.600
5.390,49.843,-115.611,0.000,-0.600
5.395,49.843,-115.611,0.000,-0.600
5.400,49.843,-115.611,0.000,-0.600
5.405,49.843,-115.611,0.000,-0.600
5.410,49.843,-115.611,0.000,-0.600
5.415,49.843,-115.611,0.000,-0.600
5.420,49.843,-115.611,0.000,-0.600
5.425,49.843,-115.611,0.000,-0.600
5.430,49.843,-115.611,0.000,-0.600
5.435,49.843,-115.611,0.000,-0.600
5.440,49.843,-115.611,0.000,-0.600
5.445,49.843,-115.611,0.000,-0.600
5.450,49.843,-115.611,0.000,-0.600
5.455,49.843,-115.611,0.000,-0.600
5.460,49.843,-115.611,0.000,-0.600
5.465,49.843,-115.611,0.000,-0.600
5.470,49.843,-115.611,0.000,-0.600
5.475,49.843,-115.611,0.000,-0.600
5.480,49.843,-115.611,0.000,-0.600
5.485,49.843,-115.611,0.000,-0.600
5.490,49.843,-115.611,0.000,-0.600
5.495,49.843,-115.611,0.000,-0.600
5.500,49.843,-115.611,0.000,-0.600
5.505,49.843,-115.611,0.000,-0.600
5.510,49.843,-115.611,0.000,-0.600
5.515,49.843,-115.611,0.000,-0.600
5.520,49.843,-115.611,0.000,-0.600
5.525,49.843,-115.611,0.000,-0.600
5.530,49.843,-115.611,0.000,-0.600
5.535,49.843,-115.611,0.000,-0.600
5.540,49.843,-115.611,0.000,-0.600
5.545,49.843,-115.611,0.000,-0.600
5.550,49.843,-115.611,0.000,-0.600
5.555,49.843,-115.611,0.000,-0.600
5.560,49.843,-115.611,0.000,-0.600
5.565,49.843,-115.611,0.000,-0.600
5.570,49.843,-115.611,0.000,-0.600
5.575,49.843,-115.611,0.000,-0.600
5.580,49.843,-115.611,0.000,-0.600
5.585,49.843,-115.611,0.000,-0.600
5.590,49.843,-115.611,0.000,-0.600
5.595,49.843,-115.611,0.000,-0.600
5.600,49.843,-115.611,0.000,-0.600
5.605,49.843,-115.611,0.000,-0.600
5.610,49.915,-115.617,0.000,-0.600
5.615,49.915,-115.617,0.000,-0.600
5.620,49.915,-115.617,0.000,-0.600
5.625,49.915,-115.617,0.000,-0.600
5.630,49.915,-115.617,0.000,-0.600
5.635,49.915,-115.617,0.000,-0.600
5.640,49.915,-115.617,0.000,-0.600
5.645,49.915,-115.617,0.000,-0.600
5.650,49.915,-115.617,0.000,-0.600
5.655,49.915,-115.617,0.000,-0.600
5.660,49.915,-115.617,0.000,-0.600
5.665,49.915,-115.617,0.000,-0.600
5.670,49.915,-115.617,0.000,-0.600
5.675,49.915,-115.617,0.000,-0.600
5.680,49.915,-115.617,0.000,-0.600
5.685,49.915,-115.617,0.000,-0.600
5.690,49.915,-115.617,0.000,-0.600
5.695,49.915,-115.617,0.000,-0.600
5.700,49.915,-115.617,0.000,-0.600
5.705,49.915,-115.617,0.000,-0.600
5.710,49.915,-115.617,0.000,-0.600
5.715,49.915,-115.617,0.000,-0.600
5.720,49.915,-115.617,0.000,-0.600
5.725,49.915,-115.617,0.000,-0.600
5.730,49.915,-115.617,0.000,-0.600
5.735,49.915,-115.617,0.000,-0.600
5.740,49.915,-115.617,0.000,-0.600
5.745,49.915,-115.617,0.000,-0.600
5.750,49.915,-115.617,0.000,-0.600
5.755,49.915,-115.617,0.000,-0.600
5.760,49.915,-115.617,0.000,-0.600
5.765,49.915,-115.617,0.000,-0.600
5.770,49.915,-115.617,0.000,-0.600
5.775,49.915,-115.617,0.000,-0.600
5.780,49.915,-115.617,0.000,-0.600
5.785,49.915,-115.617,0.000,-0.600
5.790,49.915,-115.617,0.000,-0.600
5.795,49.915,-115.617,0.000,-0.600
5.800,49.915,-115.617,0.000,-0.600
5.805,49.915,-115.617,0.000,-0.600
5.810,49.915,-115.617,0.000,-0.600
5.815,49.915,-115.617,0.000,-0.600
5.820,49.915,-115.617,0.000,-0.600
5.825,49.915,-115.617,0.000,-0.600
5.830,49.915,-115.617,0.000,-0.600
5.835,49.915,-115.617,0.000,-0.600
5.840,49.915,-115.617,0.000,-0.600
5.845,49.915,-115.617,0.000,-0.600
5.850,49.915,-115.617,0.000,-0.600
5.855,49.915,-115.617,0.000,-0.600
5.860,49.915,-115.617,0.000,-0.600
5.865,49.915,-115.617,0.000,-0.600
5.870,49.915,-115.617,0.000,-0.600
5.875,49.915,-115.617,0.000,-0.600
5.880,49.915,-115.617,0.000,-0.600
5.885,49.915,-115.617,0.000,-0.600
5.890,49.915,-115.617,0.000,-0.600
5.895,49.915,-115.617,0.000,-0.600
5.900,49.915,-115.617,0.000,-0.600
5.905,49.915,-115.617,0.000,-0.600
5.910,49.915,-115.617,0.000,-0.600
5.915,49.915,-115.617,0.000,-0.600
5.920,49.915,-115.617,0.000,-0.600
5.925,49.915,-115.617,0.000,-0.600
5.930,49.915,-115.617,0.000,-0.600
5.935,49.915,-115.617,0.000,-0.600
5.940,49.915,-115.617,0.000,-0.600
5.945,49.915,-115.617,0.000,-0.600
5.950,49.915,-115.617,0.000,-0.600
5.955,49.915,-115.617,0.000,-0.600
5.960,49.915,-115.617,0.000,-0.600
5.965,49.915,-115.617,0.000,-0.600
5.970,49.915,-115.617,0.000,-0.600
5.975,49.915,-115.617,0.000,-0.600
5.980,49.915,-115.617,0.000,-0.600
5.985,49.915,-115.617,0.000,-0.600
5.990,49.915,-115.617,0.000,-0.600
5.995,49.915,-115.617,0.000,-0.600
6.000,49.915,-115.617,0.000,-0.600
6.005,49.915,-115.617,0.000,-0.600
6.010,49.915,-115.617,0.000,-0.600
6.015,49.915,-115.617,0.000,-0.600
6.020,49.915,-115.617,0.000,-0.600
6.025,49.915,-115.617,0.000,-0.600
6.030,49.915,-115.617,0.000,-0.600
6.035,49.915,-115.617,0.000,-0.600
6.040,49.915,-115.617,0.000,-0.600
6.045,49.915,-115.617,0.000,-0.600
6.050,49.915,-115.617,0.000,-0.600
6.055,49.915,-115.617,0.000,-0.600
6.060,49.915,-115.617,0.000,-0.600
6.065,49.915,-115.617,0.000,-0.600
6.070,49.915,-115.617,0.000,-0.600
6.075,49.915,-115.617,0.000,-0.600
6.080,49.915,-115.617,0.000,-0.600
6.085,49.915,-115.617,0.000,-0.600
6.090,49.915,-115.617,0.000,-0.600
6.095,49.915,-115.617,0.000,-0.600
6.100,49.915,-115.617,0.000,-0.600
6.105,49.915,-115.617,0.000,-0.600
6.110,49.915,-115.617,0.000,-0.600
6.115,49.915,-115.617,0.000,-0.600
6.120,49.915,-115.617,0.000,-0.600
6.125,49.915,-115.617,0.000,-0.600
6.130,49.915,-115.617,0.000,-0.600
6.135,49.915,-115.617,0.000,-0.600
6.140,49.915,-115.617,0.000,-0.600
6.145,49.915,-115.617,0.000,-0.600
6.150,49.915,-115.617,0.000,-0.600
6.155,49.915,-115.617,0.000,-0.600
6.160,49.915,-115.617,0.000,-0.600
6.165,49.915,-115.617,0.000,-0.600
6.170,49.915,-115.617,0.000,-0.600
6.175,49.915,-115.617,0.000,-0.600
6.180,49.915,-115.617,0.000,-0.600
6.185,49.915,-115.617,0.000,-0.600
6.190,49.915,-115.617,0.000,-0.600
6.195,49.915,-115.617,0.000,-0.600
6.200,49.915,-115.617,0.000,-0.600
6.205,49.915,-115.617,0.000,-0.600
6.210,49.915,-115.617,0.000,-0.600
6.215,49.915,-115.617,0.000,-0.600
6.220,49.915,-115.617,0.000,-0.600
6.225,49.915,-115.617,0.000,-0.600
6.230,49.915,-115.617,0.000,-0.600
6.235,49.915,-115.617,0.000,-0.600
6.240,49.915,-115.617,0.000,-0.600
6.245,49.915,-115.617,0.000,-0.600
6.250,49.915,-115.617,0.000,-0.600
6.255,49.915,-115.617,0.000,-0.600
6.260,49.915,-115.617,0.000,-0.600
6.265,49.915,-115.617,0.000,-0.600
6.270,49.915,-115.617,0.000,-0.600
6.275,49.915,-115.617,0.000,-0.600
6.280,49.915,-115.617,0.000,-0.600
6.285,49.915,-115.617,0.000,-0.600
6.290,49.915,-115.617,0.000,-0.600
6.295,49.915,-115.617,0.000,-0.600
6.300,49.915,-115.617,0.000,-0.600
6.305,49.915,-115.617,0.000,-0.600
6.310,49.915,-115.617,0.000,-0.600
6.315,49.915,-115.617,0.000,-0.600
6.320,49.915,-115.617,0.000,-0.600
6.325,49.915,-115.617,0.000,-0.600
6.330,50.008,-115.601,0.000,-0.600
6.335,50.008,-115.601,0.000,-0.600
6.340,50.008,-115.601,0.000,-0.600
6.345,50.008,-115.601,0.000,-0.600
6.350,50.008,-115.601,0.000,-0.600
6.355,50.008,-115.601,0.000,-0.600
6.360,50.080,-115.585,0.000,-0.600
6.365,50.080,-115.585,0.000,-0.600
6.370,50.080,-115.585,0.000,-0.600
6.375,50.080,-115.585,0.000,-0.600
6.380,50.080,-115.585,0.000,-0.600
6.385,50.187,-115.569,0.000,-0.600
6.390,50.187,-115.569,0.000,-0.600
6.395,50.187,-115.569,0.000,-0.600
6.400,50.258,-115.575,0.000,-0.600
6.405,50.258,-115.575,0.000,-0.600
6.410,50.258,-115.575,0.000,-0.600
6.415,50.316,-115.581,0.000,-0.600
6.420,50.316,-115.581,0.000,-0.600
6.425,50.316,-115.581,0.000,-0.600
6.430,50.401,-115.565,0.000,-0.600
6.435,50.401,-115.565,0.000,-0.600
6.440,50.495,-115.549,0.000,-0.600
6.445,50.495,-115.549,0.000,-0.600
6.450,50.566,-115.555,0.000,-0.600
6.455,50.566,-115.555,0.000,-0.600
6.460,50.566,-115.555,0.000,-0.600
6.465,50.660,-115.539,0.000,-0.600
6.470,50.660,-115.539,0.000,-0.600
6.475,50.660,-115.539,0.000,-0.600
6.480,50.660,-115.539,0.000,-0.600
6.485,50.745,-115.523,0.000,-0.600
6.490,50.745,-115.523,0.000,-0.600
6.495,50.745,-115.523,0.000,-0.600
6.500,50.745,-115.523,0.000,-0.600
6.505,50.745,-115.523,0.000,-0.600
6.510,50.745,-115.523,0.000,-0.600
6.515,50.745,-115.523,0.000,-0.600
6.520,50.745,-115.523,0.000,-0.600
6.525,50.745,-115.523,0.000,-0.600
6.530,50.745,-115.523,0.000,-0.600
6.535,50.745,-115.523,0.000,-0.600
6.540,50.745,-115.523,0.000,-0.600
6.545,50.745,-115.523,0.000,-0.600
6.550,50.745,-115.523,0.000,-0.600
6.555,50.745,-115.523,0.000,-0.600
6.560,50.745,-115.523,0.000,-0.600
6.565,50.745,-115.523,0.000,-0.600
6.570,50.745,-115.523,0.000,-0.600
6.575,50.745,-115.523,0.000,-0.600
6.580,50.745,-115.523,0.000,-0.600
6.585,50.745,-115.523,0.000,-0.600
6.590,50.745,-115.523,0.000,-0.600
6.595,50.745,-115.523,0.000,-0.600
6.600,50.745,-115.523,0.000,-0.600
6.605,50.745,-115.523,0.000,-0.600
6.610,50.745,-115.523,0.000,-0.600
6.615,50.745,-115.523,0.000,-0.600
6.620,50.745,-115.523,0.000,-0.600
6.625,50.745,-115.523,0.000,-0.600
6.630,50.745,-115.523,0.000,-0.600
6.635,50.745,-115.523,0.000,-0.600
6.640,50.745,-115.523,0.000,-0.600
6.645,50.745,-115.523,0.000,-0.600
6.650,50.745,-115.523,0.000,-0.600
6.655,50.745,-115.523,0.000,-0.600
6.660,50.745,-115.523,0.000,-0.600
6.665,50.745,-115.523,0.000,-0.600
6.670,50.745,-115.523,0.000,-0.600
6.675,50.745,-115.523,0.000,-0.600
6.680,50.745,-115.523,0.000,-0.600
6.685,50.745,-115.523,0.000,-0.600
6.690,50.745,-115.523,0.000,-0.600
6.695,50.745,-115.523,0.000,-0.600
6.700,50.745,-115.523,0.000,-0.600
6.705,50.745,-115.523,0.000,-0.600
6.710,50.745,-115.523,0.000,-0.600
6.715,50.745,-115.523,0.000,-0.600
6.720,50.745,-115.523,0.000,-0.600
6.725,50.745,-115.523,0.000,-0.600
6.730,50.745,-115.523,0.000,-0.600
6.735,50.745,-115.523,0.000,-0.600
6.740,50.745,-115.523,0.000,-0.600
6.745,50.745,-115.523,0.000,-0.600
6.750,50.745,-115.523,0.000,-0.600
6.755,50.745,-115.523,0.000,-0.600
6.760,50.745,-115.523,0.000,-0.600
6.765,50.745,-115.523,0.000,-0.600
6.770,50.745,-115.523,0.000,-0.600
6.775,50.745,-115.523,0.000,-0.600
6.780,50.745,-115.523,0.000,-0.600
6.785,50.745,-115.523,0.000,-0.600
6.790,50.745,-115.523,0.000,-0.600
6.795,50.745,-115.523,0.000,-0.600
6.800,50.745,-115.523,0.000,-0.600
6.805,50.745,-115.523,0.000,-0.600
6.810,50.745,-115.523,0.000,-0.600
6.815,50.745,-115.523,0.000,-0.600
6.820,50.745,-115.523,0.000,-0.600
6.825,50.745,-115.523,0.000,-0.600
6.830,50.745,-115.523,0.000,-0.600
6.835,50.745,-115.523,0.000,-0.600
6.840,50.745,-115.523,0.000,-0.600
6.845,50.745,-115.523,0.000,-0.600
6.850,50.745,-115.523,0.000,-0.600
6.855,50.745,-115.523,0.000,-0.600
6.860,50.745,-115.523,0.000,-0.600
6.865,50.745,-115.523,0.000,-0.600
6.870,50.745,-115.523,0.000,-0.600
6.875,50.745,-115.523,0.000,-0.600
6.880,50.745,-115.523,0.000,-0.600
6.885,50.745,-115.523,0.000,-0.600
6.890,50.745,-115.523,0.000,-0.600
6.895,50.745,-115.523,0.000,-0.600
6.900,50.745,-115.523,0.000,-0.600
6.905,50.745,-115.523,0.000,-0.600
6.910,50.745,-115.523,0.000,-0.600
6.915,50.745,-115.523,0.000,-0.600
6.920,50.745,-115.523,0.000,-0.600
6.925,50.745,-115.523,0.000,-0.600
6.930,50.745,-115.523,0.000,-0.600
6.935,50.745,-115.523,0.000,-0.600
6.940,50.745,-115.523,0.000,-0.600
6.945,50.745,-115.523,0.000,-0.600
6.950,50.745,-115.523,0.000,-0.600
6.955,50.745,-115.523,0.000,-0.600
6.960,50.745,-115.523,0.000,-0.600
6.965,50.745,-115.523,0.000,-0.600
6.970,50.745,-115.523,0.000,-0.600
6.975,50.745,-115.523,0.000,-0.600
6.980,50.745,-115.523,0.000,-0.600
6.985,50.745,-115.523,0.000,-0.600
6.990,50.745,-115.523,0.000,-0.600
6.995,50.745,-115.523,0.000,-0.600
7.000,50.745,-115.523,0.000,-0.600
7.005,50.745,-115.523,0.000,-0.600
7.010,50.745,-115.523,0.000,-0.600
7.015,50.745,-115.523,0.000,-0.600
7.020,50.745,-115.523,0.000,-0.600
7.025,50.745,-115.523,0.000,-0.600
7.030,50.745,-115.523,0.000,-0.600
7.035,50.745,-115.523,0.000,-0.600
7.040,50.745,-115.523,0.000,-0.600
7.045,50.745,-115.523,0.000,-0.600
7.050,50.745,-115.523,0.000,-0.600
7.055,50.745,-115.523,0.000,-0.600
7.060,50.745,-115.523,0.000,-0.600
7.065,50.745,-115.523,0.000,-0.600
7.070,50.745,-115.523,0.000,-0.600
7.075,50.745,-115.523,0.000,-0.600
7.080,50.745,-115.523,0.000,-0.600
7.085,50.745,-115.523,0.000,-0.600
7.090,50.745,-115.523,0.000,-0.600
7.095,50.745,-115.523,0.000,-0.600
7.100,50.745,-115.523,0.000,-0.600
7.105,50.745,-115.523,0.000,-0.600
7.110,50.745,-115.523,0.000,-0.600
7.115,50.745,-115.523,0.000,-0.600
7.120,50.745,-115.523,0.000,-0.600
7.125,50.745,-115.523,0.000,-0.600
7.130,50.703,-115.496,0.000,-0.600
7.135,50.703,-115.496,0.000,-0.600
7.140,50.703,-115.496,0.000,-0.600
7.145,50.703,-115.496,0.000,-0.600
7.150,50.703,-115.496,0.000,-0.600
7.155,50.703,-115.496,0.000,-0.600
7.160,50.703,-115.496,0.000,-0.600
7.165,50.703,-115.496,0.000,-0.600
7.170,50.703,-115.496,0.000,-0.600
7.175,50.676,-115.468,0.000,-0.600
7.180,50.676,-115.468,0.000,-0.600
7.185,50.676,-115.468,0.000,-0.600
7.190,50.676,-115.468,0.000,-0.600
7.195,50.648,-115.440,0.000,-0.600
7.200,50.648,-115.440,0.000,-0.600
7.205,50.620,-115.412,0.000,-0.600
7.210,50.620,-115.412,0.000,-0.600
7.215,50.620,-115.412,0.000,-0.600
7.220,50.578,-115.384,0.000,-0.600
7.225,50.578,-115.384,0.000,-0.600
7.230,50.564,-115.356,0.000,-0.600
7.235,50.564,-115.356,0.000,-0.600
7.240,50.536,-115.329,0.000,-0.600
7.245,50.536,-115.329,0.000,-0.600
7.250,50.495,-115.301,0.000,-0.600
7.255,50.495,-115.301,0.000,-0.600
7.260,50.467,-115.273,0.000,-0.600
7.265,50.467,-115.273,0.000,-0.600
7.270,50.439,-115.245,0.000,-0.600
7.275,50.439,-115.245,0.000,-0.600
7.280,50.411,-115.217,0.000,-0.600
7.285,50.411,-115.217,0.000,-0.600
7.290,50.370,-115.189,0.000,-0.600
7.295,50.370,-115.189,0.000,-0.600
7.300,50.356,-115.176,0.000,-0.600
7.305,50.356,-115.176,0.000,-0.600
7.310,50.356,-115.176,0.000,-0.600
7.315,50.328,-115.148,0.000,-0.600
7.320,50.328,-115.148,0.000,-0.600
7.325,50.300,-115.120,0.000,-0.600
7.330,50.300,-115.120,0.000,-0.600
7.335,50.258,-115.092,0.000,-0.600
7.340,50.258,-115.092,0.000,-0.600
7.345,50.230,-115.064,0.000,-0.600
7.350,50.230,-115.064,0.000,-0.600
7.355,50.203,-115.036,0.000,-0.600
7.360,50.203,-115.036,0.000,-0.600
7.365,50.175,-115.009,0.000,-0.600
7.370,50.175,-115.009,0.000,-0.600
7.375,50.175,-115.009,0.000,-0.600
7.380,50.147,-114.995,0.000,-0.600
7.385,50.147,-114.995,0.000,-0.600
7.390,50.119,-114.967,0.000,-0.600
7.395,50.119,-114.967,0.000,-0.600
7.400,50.091,-114.939,0.000,-0.600
7.405,50.049,-114.911,0.000,-0.600
7.410,50.049,-114.911,0.000,-0.600
7.415,50.022,-114.883,0.000,-0.600
7.420,50.022,-114.883,0.000,-0.600
7.425,49.994,-114.855,0.000,-0.600
7.430,49.994,-114.855,0.000,-0.600
7.435,49.994,-114.855,0.000,-0.600
7.440,49.994,-114.855,0.000,-0.600
7.445,49.994,-114.855,0.000,-0.600
7.450,49.966,-114.828,0.000,-0.600
7.455,49.966,-114.828,0.000,-0.600
7.460,49.966,-114.828,0.000,-0.600
7.465,49.966,-114.828,0.000,-0.600
7.470,49.966,-114.828,0.000,-0.600
7.475,49.966,-114.828,0.000,-0.600
7.480,49.966,-114.828,0.000,-0.600
7.485,49.966,-114.828,0.000,-0.600
7.490,49.966,-114.828,0.000,-0.600
7.495,49.966,-114.828,0.000,-0.600
7.500,49.966,-114.828,0.000,-0.600
7.505,49.966,-114.828,0.000,-0.600
7.510,49.966,-114.828,0.000,-0.600
7.515,49.966,-114.828,0.000,-0.600
7.520,49.966,-114.828,0.000,-0.600
7.525,49.966,-114.828,0.000,-0.600
7.530,49.966,-114.828,0.000,-0.600
7.535,49.966,-114.828,0.000,-0.600
7.540,49.966,-114.828,0.000,-0.600
7.545,49.966,-114.828,0.000,-0.600
7.550,49.966,-114.828,0.000,-0.600
7.555,49.966,-114.828,0.000,-0.600
7.560,49.966,-114.828,0.000,-0.600
7.565,49.966,-114.828,0.000,-0.600
7.570,49.966,-114.828,0.000,-0.600
7.575,49.966,-114.828,0.000,-0.600
7.580,49.966,-114.828,0.000,-0.600
7.585,49.966,-114.828,0.000,-0.600
7.590,49.966,-114.828,0.000,-0.600
7.595,49.966,-114.828,0.000,-0.600
7.600,49.966,-114.828,0.000,-0.600
7.605,49.966,-114.828,0.000,-0.600
7.610,49.966,-114.828,0.000,-0.600
7.615,49.966,-114.828,0.000,-0.600
7.620,49.966,-114.828,0.000,-0.600
7.625,49.966,-114.828,0.000,-0.600
7.630,49.966,-114.828,0.000,-0.600
7.635,49.966,-114.828,0.000,-0.600
7.640,49.938,-114.800,0.000,-0.600
7.645,49.938,-114.800,0.000,-0.600
7.650,49.938,-114.800,0.000,-0.600
7.655,49.938,-114.800,0.000,-0.600
7.660,49.938,-114.800,0.000,-0.600
7.665,49.938,-114.800,0.000,-0.600
7.670,49.938,-114.800,0.000,-0.600
7.675,49.938,-114.800,0.000,-0.600
7.680,49.938,-114.800,0.000,-0.600
7.685,49.938,-114.800,0.000,-0.600
7.690,49.938,-114.800,0.000,-0.600
7.695,49.938,-114.800,0.000,-0.600
7.700,49.938,-114.800,0.000,-0.600
7.705,49.938,-114.800,0.000,-0.600
7.710,49.938,-114.800,0.000,-0.600
7.715,49.910,-114.772,0.000,-0.600
7.720,49.910,-114.772,0.000,-0.600
7.725,49.910,-114.772,0.000,-0.600
7.730,49.910,-114.772,0.000,-0.600
7.735,49.910,-114.772,0.000,-0.600
7.740,49.910,-114.772,0.000,-0.600
7.745,49.910,-114.772,0.000,-0.600
7.750,49.910,-114.772,0.000,-0.600
7.755,49.910,-114.772,0.000,-0.600
7.760,49.910,-114.772,0.000,-0.600
7.765,49.910,-114.772,0.000,-0.600
7.770,49.910,-114.772,0.000,-0.600
7.775,49.910,-114.772,0.000,-0.600
7.780,49.910,-114.772,0.000,-0.600
7.785,49.910,-114.772,0.000,-0.600
7.790,49.910,-114.772,0.000,-0.600
7.795,49.910,-114.772,0.000,-0.600
7.800,49.910,-114.772,0.000,-0.600
7.805,49.910,-114.772,0.000,-0.600
7.810,49.910,-114.772,0.000,-0.600
7.815,49.910,-114.772,0.000,-0.600
7.820,49.910,-114.772,0.000,-0.600
7.825,49.910,-114.772,0.000,-0.600
7.830,49.910,-114.772,0.000,-0.600
7.835,49.910,-114.772,0.000,-0.600
7.840,49.910,-114.772,0.000,-0.600
7.845,49.910,-114.772,0.000,-0.600
7.850,49.910,-114.772,0.000,-0.600
7.855,49.910,-114.772,0.000,-0.600
7.860,49.910,-114.772,0.000,-0.600
7.865,49.910,-114.772,0.000,-0.600
7.870,49.910,-114.772,0.000,-0.600
7.875,49.910,-114.772,0.000,-0.600
7.880,49.910,-114.772,0.000,-0.600
7.885,49.910,-114.772,0.000,-0.600
7.890,49.910,-114.772,0.000,-0.600
7.895,49.910,-114.772,0.000,-0.600
7.900,49.910,-114.772,0.000,-0.600
7.905,49.910,-114.772,0.000,-0.600
7.910,49.910,-114.772,0.000,-0.600
7.915,49.910,-114.772,0.000,-0.600
7.920,49.910,-114.772,0.000,-0.600
7.925,49.910,-114.772,0.000,-0.600
7.930,49.910,-114.772,0.000,-0.600
7.935,49.910,-114.772,0.000,-0.600
7.940,49.910,-114.772,0.000,-0.600
7.945,49.910,-114.772,0.000,-0.600
7.950,49.910,-114.772,0.000,-0.600
7.955,49.910,-114.772,0.000,-0.600
7.960,49.910,-114.772,0.000,-0.600
7.965,49.910,-114.772,0.000,-0.600
7.970,49.910,-114.772,0.000,-0.600
7.975,49.910,-114.772,0.000,-0.600
7.980,49.910,-114.772,0.000,-0.600
7.985,49.910,-114.772,0.000,-0.600
7.990,49.910,-114.772,0.000,-0.600
7.995,49.910,-114.772,0.000,-0.600
8.000,49.910,-114.772,0.000,-0.600
8.005,49.910,-114.772,0.000,-0.600
8.010,49.910,-114.772,0.000,-0.600
8.015,49.910,-114.772,0.000,-0.600
8.020,49.910,-114.772,0.000,-0.600
8.025,49.910,-114.772,0.000,-0.600
8.030,49.910,-114.772,0.000,-0.600
8.035,49.910,-114.772,0.000,-0.600
8.040,49.910,-114.772,0.000,-0.600
8.045,49.910,-114.772,0.000,-0.600
8.050,49.910,-114.772,0.000,-0.600
8.055,49.910,-114.772,0.000,-0.600
8.060,49.910,-114.772,0.000,-0.600
8.065,49.910,-114.772,0.000,-0.600
8.070,49.910,-114.772,0.000,-0.600
8.075,49.910,-114.772,0.000,-0.600
8.080,49.910,-114.772,0.000,-0.600
8.085,49.910,-114.772,0.000,-0.600
8.090,49.910,-114.772,0.000,-0.600
8.095,49.910,-114.772,0.000,-0.600
8.100,49.910,-114.772,0.000,-0.600
8.105,49.910,-114.772,0.000,-0.600
8.110,49.910,-114.772,0.000,-0.600
8.115,49.910,-114.772,0.000,-0.600
8.120,49.910,-114.772,0.000,-0.600
8.125,49.910,-114.772,0.000,-0.600
8.130,49.910,-114.772,0.000,-0.600
8.135,49.910,-114.772,0.000,-0.600
8.140,49.910,-114.772,0.000,-0.600
8.145,49.910,-114.772,0.000,-0.600
8.150,49.910,-114.772,0.000,-0.600
8.155,49.910,-114.772,0.000,-0.600
8.160,49.910,-114.772,0.000,-0.600
8.165,49.910,-114.772,0.000,-0.600
8.170,49.910,-114.772,0.000,-0.600
8.175,49.910,-114.772,0.000,-0.600
8.180,49.910,-114.772,0.000,-0.600
8.185,49.910,-114.772,0.000,-0.600
8.190,49.910,-114.772,0.000,-0.600
8.195,49.910,-114.772,0.000,-0.600
8.200,49.910,-114.772,0.000,-0.600
8.205,49.910,-114.772,0.000,-0.600
8.210,49.910,-114.772,0.000,-0.600
8.215,49.910,-114.772,0.000,-0.600
8.220,49.910,-114.772,0.000,-0.600
8.225,49.910,-114.772,0.000,-0.600
8.230,49.910,-114.772,0.000,-0.600
8.235,49.910,-114.772,0.000,-0.600
8.240,49.910,-114.772,0.000,-0.600
8.245,49.910,-114.772,0.000,-0.600
8.250,49.910,-114.772,0.000,-0.600
8.255,49.910,-114.772,0.000,-0.600
8.260,49.882,-114.744,0.000,-0.600
8.265,49.948,-114.700,0.000,-0.600
8.270,49.920,-114.673,0.000,-0.600
8.275,49.900,-114.623,0.000,-0.600
8.280,50.051,-114.585,0.000,-0.600
8.285,50.075,-114.486,0.000,-0.600
8.290,50.156,-114.420,0.000,-0.600
8.295,50.288,-114.311,0.000,-0.600
8.300,50.369,-114.218,0.000,-0.600
8.305,50.516,-114.094,0.000,-0.600
8.310,50.591,-113.930,0.000,-0.600
8.315,50.631,-113.808,0.000,-0.600
8.320,50.701,-113.616,0.000,-0.600
8.325,50.798,-113.451,0.000,-0.600
8.330,50.782,-113.274,0.000,-0.600
8.335,50.823,-113.067,0.000,-0.600
8.340,50.986,-112.831,0.000,-0.600
8.345,51.058,-112.630,0.000,-0.600
8.350,51.264,-112.400,0.000,-0.600
8.355,51.407,-112.127,0.000,-0.600
8.360,51.586,-111.861,0.000,-0.600
8.365,51.693,-111.619,0.000,-0.600
8.370,51.943,-111.358,0.000,-0.600
8.375,52.223,-111.041,0.000,-0.600
8.380,52.446,-110.760,0.000,-0.600
8.385,52.640,-110.431,0.000,-0.600
8.390,52.700,-110.103,0.000,-0.600
8.395,52.924,-109.715,0.000,-0.600
8.400,53.129,-109.300,0.000,-0.600
8.405,53.270,-108.865,0.000,-0.600
8.410,53.333,-108.388,0.000,-0.600
8.415,53.390,-107.883,0.000,-0.600
8.420,53.464,-107.293,0.000,-0.600
8.425,53.509,-106.667,0.000,-0.600
8.430,53.477,-106.037,0.000,-0.600
8.435,53.439,-105.327,0.000,-0.600
8.440,53.422,-104.626,0.000,-0.600
8.445,53.357,-103.889,0.000,-0.600
8.450,53.285,-103.131,0.000,-0.600
8.455,53.384,-102.384,0.000,-0.600
8.460,53.361,-101.597,0.000,-0.600
8.465,53.454,-100.808,0.000,-0.600
8.470,53.611,-100.003,0.000,-0.600
8.475,53.561,-99.203,0.000,-0.600
8.480,53.833,-98.354,0.000,-0.600
8.485,53.926,-97.549,0.000,-0.600
8.490,54.027,-96.689,0.000,-0.600
8.495,54.221,-95.798,0.000,-0.600
8.500,54.280,-94.918,0.000,-0.600
8.505,54.510,-93.998,0.000,-0.600
8.510,54.677,-93.080,0.000,-0.600
8.515,54.794,-92.134,0.000,-0.600
8.520,55.048,-91.150,0.000,-0.600
8.525,55.250,-90.203,0.000,-0.600
8.530,55.438,-89.227,0.000,-0.600
8.535,55.621,-88.221,0.000,-0.600
8.540,55.932,-87.188,0.000,-0.600
8.545,56.107,-86.198,0.000,-0.600
8.550,56.382,-85.135,0.000,-0.600
8.555,56.601,-84.088,0.000,-0.600
8.560,56.912,-83.033,0.000,-0.600
8.565,57.075,-81.922,0.000,-0.600
8.570,57.436,-80.879,0.000,-0.600
8.575,57.712,-79.788,0.000,-0.600
8.580,58.039,-78.653,0.000,-0.600
8.585,58.315,-77.511,0.000,-0.600
8.590,58.618,-76.436,0.000,-0.600
8.595,58.952,-75.307,0.000,-0.600
8.600,59.227,-74.202,0.000,-0.600
8.605,59.646,-73.079,0.000,-0.600
8.610,59.900,-71.979,0.000,-0.600
8.615,60.440,-70.862,0.000,-0.600
8.620,60.766,-69.741,0.000,-0.600
8.625,61.069,-68.642,0.000,-0.600
8.630,61.587,-67.510,0.000,-0.600
8.635,61.869,-66.347,0.000,-0.600
8.640,62.266,-65.252,0.000,-0.600
8.645,62.727,-64.100,0.000,-0.600
8.650,63.080,-62.985,0.000,-0.600
8.655,63.618,-61.880,0.000,-0.600
8.660,64.021,-60.772,0.000,-0.600
8.665,64.509,-59.639,0.000,-0.600
8.670,64.891,-58.530,0.000,-0.600
8.675,65.371,-57.412,0.000,-0.600
8.680,65.937,-56.335,0.000,-0.600
8.685,66.376,-55.182,0.000,-0.600
8.690,66.834,-54.072,0.000,-0.600
8.695,67.257,-52.969,0.000,-0.600
8.700,67.716,-51.886,0.000,-0.600
8.705,68.160,-50.739,0.000,-0.600
8.710,68.547,-49.617,0.000,-0.600
8.715,69.099,-48.482,0.000,-0.600
8.720,69.600,-47.377,0.000,-0.600
8.725,70.037,-46.281,0.000,-0.600
8.730,70.624,-45.108,0.000,-0.600
8.735,71.125,-44.018,0.000,-0.600
8.740,71.732,-42.909,0.000,-0.600
8.745,72.362,-41.786,0.000,-0.600
8.750,72.912,-40.658,0.000,-0.600
8.755,73.534,-39.549,0.000,-0.600
8.760,74.169,-38.447,0.000,-0.600
8.765,74.733,-37.346,0.000,-0.600
8.770,75.369,-36.243,0.000,-0.600
8.775,76.004,-35.141,0.000,-0.600
8.780,76.560,-34.054,0.000,-0.600
8.785,77.281,-32.927,0.000,-0.600
8.790,77.972,-31.894,0.000,-0.600
8.795,78.592,-30.784,0.000,-0.600
8.800,79.241,-29.659,0.000,-0.600
8.805,79.918,-28.547,0.000,-0.600
8.810,80.588,-27.513,0.000,-0.600
8.815,81.307,-26.407,0.000,-0.600
8.820,82.020,-25.308,0.000,-0.600
8.825,82.747,-24.202,0.000,-0.600
8.830,83.394,-23.133,0.000,-0.600
8.835,84.177,-22.066,0.000,-0.600
8.840,84.910,-20.971,0.000,-0.600
8.845,85.714,-19.907,0.000,-0.600
8.850,86.447,-18.778,0.000,-0.600
8.855,87.279,-17.708,0.000,-0.600
8.860,88.133,-16.641,0.000,-0.600
8.865,88.930,-15.566,0.000,-0.600
8.870,89.740,-14.491,0.000,-0.600
8.875,90.587,-13.415,0.000,-0.600
8.880,91.397,-12.354,0.000,-0.600
8.885,92.257,-11.220,0.000,-0.600
8.890,92.988,-10.203,0.000,-0.600
8.895,93.862,-9.132,0.000,-0.600
8.900,94.643,-8.085,0.000,-0.600
8.905,95.517,-6.992,0.000,-0.600
8.910,96.240,-5.961,0.000,-0.600
8.915,97.092,-4.869,0.000,-0.600
8.920,97.873,-3.814,0.000,-0.600
8.925,98.753,-2.749,0.000,-0.600
8.930,99.476,-1.710,0.000,-0.600
8.935,100.234,-0.592,0.000,-0.600
8.940,100.965,0.463,0.000,-0.600
8.945,101.796,1.577,0.000,-0.600
8.950,102.453,2.586,0.000,-0.600
8.955,103.240,3.635,0.000,-0.600
8.960,104.070,4.750,0.000,-0.600
8.965,104.807,5.826,0.000,-0.600
8.970,105.464,6.865,0.000,-0.600
8.975,106.315,7.966,0.000,-0.600
8.980,107.079,8.995,0.000,-0.600
8.985,107.850,10.037,0.000,-0.600
8.990,108.571,11.042,0.000,-0.600
8.995,109.314,12.113,0.000,-0.600
9.000,110.085,13.164,0.000,-0.600
9.005,110.756,14.189,0.000,-0.600
9.010,111.483,15.174,0.000,-0.600
9.015,112.183,16.239,0.000,-0.600
9.020,112.838,17.184,0.000,-0.600
9.025,113.466,18.231,0.000,-0.600
9.030,114.165,19.280,0.000,-0.600
9.035,114.870,20.265,0.000,-0.600
9.040,115.454,21.269,0.000,-0.600
9.045,116.159,22.276,0.000,-0.600
9.050,116.743,23.235,0.000,-0.600
9.055,117.355,24.197,0.000,-0.600
9.060,117.989,25.202,0.000,-0.600
9.065,118.573,26.191,0.000,-0.600
9.070,119.163,27.130,0.000,-0.600
9.075,119.802,28.108,0.000,-0.600
9.080,120.392,29.069,0.000,-0.600
9.085,121.010,30.031,0.000,-0.600
9.090,121.600,30.950,0.000,-0.600
9.095,122.119,31.888,0.000,-0.600
9.100,122.637,32.833,0.000,-0.600
9.105,123.112,33.751,0.000,-0.600
9.110,123.622,34.615,0.000,-0.600
9.115,124.039,35.509,0.000,-0.600
9.120,124.492,36.344,0.000,-0.600
9.125,124.995,37.218,0.000,-0.600
9.130,125.346,37.986,0.000,-0.600
9.135,125.799,38.823,0.000,-0.600
9.140,126.123,39.605,0.000,-0.600
9.145,126.532,40.412,0.000,-0.600
9.150,126.834,41.165,0.000,-0.600
9.155,127.257,41.958,0.000,-0.600
9.160,127.488,42.687,0.000,-0.600
9.165,127.768,43.426,0.000,-0.600
9.170,128.048,44.135,0.000,-0.600
9.175,128.242,44.876,0.000,-0.600
9.180,128.522,45.643,0.000,-0.600
9.185,128.703,46.342,0.000,-0.600
9.190,128.840,46.976,0.000,-0.600
9.195,129.021,47.725,0.000,-0.600
9.200,129.171,48.381,0.000,-0.600
9.205,129.201,48.975,0.000,-0.600
9.210,129.374,49.644,0.000,-0.600
9.215,129.453,50.276,0.000,-0.600
9.220,129.469,50.870,0.000,-0.600
9.225,129.512,51.484,0.000,-0.600
9.230,129.570,52.072,0.000,-0.600
9.235,129.621,52.688,0.000,-0.600
9.240,129.599,53.215,0.000,-0.600
9.245,129.500,53.698,0.000,-0.600
9.250,129.450,54.205,0.000,-0.600
9.255,129.428,54.687,0.000,-0.600
9.260,129.378,55.170,0.000,-0.600
9.265,129.257,55.630,0.000,-0.600
9.270,129.078,56.081,0.000,-0.600
9.275,128.921,56.524,0.000,-0.600
9.280,128.756,56.904,0.000,-0.600
9.285,128.519,57.265,0.000,-0.600
9.290,128.340,57.665,0.000,-0.600
9.295,128.104,58.027,0.000,-0.600
9.300,127.853,58.389,0.000,-0.600
9.305,127.631,58.723,0.000,-0.600
9.310,127.408,59.057,0.000,-0.600
9.315,127.213,59.363,0.000,-0.600
9.320,127.005,59.683,0.000,-0.600
9.325,126.796,59.989,0.000,-0.600
9.330,126.601,60.281,0.000,-0.600
9.335,126.406,60.573,0.000,-0.600
9.340,126.239,60.852,0.000,-0.600
9.345,126.058,61.116,0.000,-0.600
9.350,125.891,61.380,0.000,-0.600
9.355,125.738,61.617,0.000,-0.600
9.360,125.571,61.895,0.000,-0.600
9.365,125.446,62.090,0.000,-0.600
9.370,125.293,62.327,0.000,-0.600
9.375,125.168,62.522,0.000,-0.600
9.380,125.042,62.716,0.000,-0.600
9.385,124.931,62.939,0.000,-0.600
9.390,124.806,63.092,0.000,-0.600
9.395,124.694,63.259,0.000,-0.600
9.400,124.583,63.440,0.000,-0.600
9.405,124.486,63.607,0.000,-0.600
9.410,124.374,63.774,0.000,-0.600
9.415,124.277,63.941,0.000,-0.600
9.420,124.166,64.108,0.000,-0.600
9.425,124.082,64.247,0.000,-0.600
9.430,123.999,64.386,0.000,-0.600
9.435,123.887,64.553,0.000,-0.600
9.440,123.818,64.679,0.000,-0.600
9.445,123.748,64.790,0.000,-0.600
9.450,123.665,64.915,0.000,-0.600
9.455,123.595,65.026,0.000,-0.600
9.460,123.432,65.084,0.000,-0.600
9.465,123.219,65.126,0.000,-0.600
9.470,122.707,65.041,0.000,-0.600
9.475,122.144,64.902,0.000,-0.600
9.480,121.395,64.724,0.000,-0.600
9.485,120.561,64.462,0.000,-0.600
9.490,119.619,64.139,0.000,-0.600
9.495,118.727,63.875,0.000,-0.600
9.500,117.848,63.590,0.000,-0.600
9.505,117.034,63.265,0.000,-0.600
9.510,116.227,63.054,0.000,-0.600
9.515,115.519,62.805,0.000,-0.600
9.520,114.762,62.596,0.000,-0.600
9.525,114.134,62.414,0.000,-0.600
9.530,113.491,62.218,0.000,-0.600
9.535,112.970,62.075,0.000,-0.600
9.540,112.406,61.960,0.000,-0.600
9.545,111.935,61.833,0.000,-0.600
9.550,111.486,61.794,0.000,-0.600
9.555,111.029,61.705,0.000,-0.600
9.560,110.508,61.656,0.000,-0.600
9.565,110.059,61.594,0.000,-0.600
9.570,109.602,61.505,0.000,-0.600
9.575,109.010,61.416,0.000,-0.600
9.580,108.459,61.273,0.000,-0.600
9.585,107.867,61.184,0.000,-0.600
9.590,107.245,61.040,0.000,-0.600
9.595,106.717,60.947,0.000,-0.600
9.600,106.152,60.860,0.000,-0.600
9.605,105.602,60.731,0.000,-0.600
9.610,105.167,60.678,0.000,-0.600
9.615,104.737,60.575,0.000,-0.600
9.620,104.259,60.456,0.000,-0.600
9.625,103.873,60.404,0.000,-0.600
9.630,103.494,60.311,0.000,-0.600
9.635,103.064,60.194,0.000,-0.600
9.640,102.635,60.077,0.000,-0.600
9.645,102.277,59.998,0.000,-0.600
9.650,101.876,59.861,0.000,-0.600
9.655,101.447,59.730,0.000,-0.600
9.660,101.089,59.651,0.000,-0.600
9.665,100.781,59.568,0.000,-0.600
9.670,100.459,59.491,0.000,-0.600
9.675,100.094,59.370,0.000,-0.600
9.680,99.772,59.314,0.000,-0.600
9.685,99.535,59.219,0.000,-0.600
9.690,99.277,59.116,0.000,-0.600
9.695,98.955,59.060,0.000,-0.600
9.700,98.647,58.941,0.000,-0.600
9.705,98.389,58.860,0.000,-0.600
9.710,98.188,58.781,0.000,-0.600
9.715,97.974,58.737,0.000,-0.600
9.720,97.737,58.656,0.000,-0.600
9.725,97.501,58.604,0.000,-0.600
9.730,97.300,58.561,0.000,-0.600
9.735,97.099,58.481,0.000,-0.600
9.740,96.942,58.468,0.000,-0.600
9.745,96.777,58.404,0.000,-0.600
9.750,96.613,58.390,0.000,-0.600
9.755,96.469,58.349,0.000,-0.600
9.760,96.305,58.285,0.000,-0.600
9.765,96.126,58.293,0.000,-0.600
9.770,96.018,58.254,0.000,-0.600
9.775,95.911,58.234,0.000,-0.600
9.780,95.768,58.214,0.000,-0.600
9.785,95.683,58.218,0.000,-0.600
9.790,95.589,58.178,0.000,-0.600
9.795,95.468,58.181,0.000,-0.600
9.800,95.410,58.165,0.000,-0.600
9.805,95.375,58.163,0.000,-0.600
9.810,95.317,58.139,0.000,-0.600
9.815,95.317,58.139,0.000,-0.600
9.820,95.317,58.139,0.000,-0.600
9.825,95.317,58.139,0.000,-0.600
9.830,95.317,58.139,0.000,-0.600
9.835,95.317,58.139,0.000,-0.600
9.840,95.317,58.139,0.000,-0.600
9.845,95.317,58.139,0.000,-0.600
9.850,95.317,58.139,0.000,-0.600
9.855,95.317,58.139,0.000,-0.600
9.860,95.317,58.139,0.000,-0.600
9.865,95.317,58.139,0.000,-0.600
9.870,95.317,58.139,0.000,-0.600
9.875,95.317,58.139,0.000,-0.600
9.880,95.317,58.139,0.000,-0.600
9.885,95.317,58.139,0.000,-0.600
9.890,95.317,58.139,0.000,-0.600
9.895,95.317,58.139,0.000,-0.600
9.900,95.317,58.139,0.000,-0.600
9.905,95.317,58.139,0.000,-0.600
9.910,95.317,58.139,0.000,-0.600
9.915,95.317,58.139,0.000,-0.600
9.920,95.317,58.139,0.000,-0.600
9.925,95.317,58.139,0.000,-0.600
9.930,95.317,58.139,0.000,-0.600
9.935,95.317,58.139,0.000,-0.600
9.940,95.317,58.139,0.000,-0.600
9.945,95.317,58.139,0.000,-0.600
9.950,95.317,58.139,0.000,-0.600
9.955,95.317,58.139,0.000,-0.600
9.960,95.317,58.139,0.000,-0.600
9.965,95.317,58.139,0.000,-0.600
9.970,95.317,58.139,0.000,-0.600
9.975,95.317,58.139,0.000,-0.600
9.980,95.317,58.139,0.000,-0.600
9.985,95.317,58.139,0.000,-0.600
9.990,95.317,58.139,0.000,-0.600
9.995,95.317,58.139,0.000,-0.600
10.000,95.317,58.139,0.000,-0.600
10.005,95.317,58.139,0.000,-0.600
10.010,95.317,58.139,0.000,-0.600
10.015,95.317,58.139,0.000,-0.600
10.020,95.317,58.139,0.000,-0.600
10.025,95.317,58.139,0.000,-0.600
10.030,95.317,58.139,0.000,-0.600
10.035,95.317,58.139,0.000,-0.600
10.040,95.317,58.139,0.000,-0.600
10.045,95.317,58.139,0.000,-0.600
10.050,95.317,58.139,0.000,-0.600
10.055,95.317,58.139,0.000,-0.600
10.060,95.317,58.139,0.000,-0.600
10.065,95.317,58.139,0.000,-0.600
10.070,95.317,58.139,0.000,-0.600
10.075,95.317,58.139,0.000,-0.600
10.080,95.317,58.139,0.000,-0.600
10.085,95.317,58.139,0.000,-0.600
10.090,95.317,58.139,0.000,-0.600
10.095,95.317,58.139,0.000,-0.600
10.100,95.317,58.139,0.000,-0.600
10.105,95.317,58.139,0.000,-0.600
10.110,95.317,58.139,0.000,-0.600
10.115,95.317,58.139,0.000,-0.600
10.120,95.317,58.139,0.000,-0.600
10.125,95.317,58.139,0.000,-0.600
10.130,95.317,58.139,0.000,-0.600
10.135,95.317,58.139,0.000,-0.600
10.140,95.317,58.139,0.000,-0.600
10.145,95.317,58.139,0.000,-0.600
10.150,95.317,58.139,0.000,-0.600
10.155,95.317,58.139,0.000,-0.600
10.160,95.317,58.139,0.000,-0.600
10.165,95.317,58.139,0.000,-0.600
10.170,95.317,58.139,0.000,-0.600
10.175,95.317,58.139,0.000,-0.600
10.180,95.317,58.139,0.000,-0.600
10.185,95.317,58.139,0.000,-0.600
10.190,95.317,58.139,0.000,-0.600
10.195,95.317,58.139,0.000,-0.600
10.200,95.317,58.139,0.000,-0.600
10.205,95.317,58.139,0.000,-0.600
10.210,95.317,58.139,0.000,-0.600
10.215,95.317,58.139,0.000,-0.600
10.220,95.317,58.139,0.000,-0.600
10.225,95.317,58.139,0.000,-0.600
10.230,95.317,58.139,0.000,-0.600
10.235,95.317,58.139,0.000,-0.600
10.240,95.317,58.139,0.000,-0.600
10.245,95.317,58.139,0.000,-0.600
10.250,95.317,58.139,0.000,-0.600
10.255,95.317,58.139,0.000,-0.600
10.260,95.317,58.139,0.000,-0.600
10.265,95.317,58.139,0.000,-0.600
10.270,95.317,58.139,0.000,-0.600
10.275,95.317,58.139,0.000,-0.600
10.280,95.317,58.139,0.000,-0.600
10.285,95.317,58.139,0.000,-0.600
10.290,95.317,58.139,0.000,-0.600
10.295,95.317,58.139,0.000,-0.600
10.300,95.317,58.139,0.000,-0.600
10.305,95.317,58.139,0.000,-0.600
10.310,95.317,58.139,0.000,-0.600
10.315,95.317,58.139,0.000,-0.600
10.320,95.317,58.139,0.000,-0.600
10.325,95.317,58.139,0.000,-0.600
10.330,95.317,58.139,0.000,-0.600
10.335,95.317,58.139,0.000,-0.600
10.340,95.317,58.139,0.000,-0.600
10.345,95.317,58.139,0.000,-0.600
10.350,95.317,58.139,0.000,-0.600
10.355,95.317,58.139,0.000,-0.600
10.360,95.317,58.139,0.000,-0.600
10.365,95.317,58.139,0.000,-0.600
10.370,95.303,58.167,0.000,-0.600
10.375,95.303,58.167,0.000,-0.600
10.380,95.303,58.167,0.000,-0.600
10.385,95.303,58.167,0.000,-0.600
10.390,95.303,58.167,0.000,-0.600
10.395,95.275,58.195,0.000,-0.600
10.400,95.275,58.195,0.000,-0.600
10.405,95.275,58.195,0.000,-0.600
10.410,95.275,58.195,0.000,-0.600
10.415,95.275,58.195,0.000,-0.600
10.420,95.275,58.195,0.000,-0.600
10.425,95.275,58.195,0.000,-0.600
10.430,95.275,58.195,0.000,-0.600
10.435,95.275,58.195,0.000,-0.600
10.440,95.275,58.195,0.000,-0.600
10.445,95.275,58.195,0.000,-0.600
10.450,95.275,58.195,0.000,-0.600
10.455,95.275,58.195,0.000,-0.600
10.460,95.275,58.195,0.000,-0.600
10.465,95.275,58.195,0.000,-0.600
10.470,95.275,58.195,0.000,-0.600
10.475,95.275,58.195,0.000,-0.600
10.480,95.275,58.195,0.000,-0.600
10.485,95.275,58.195,0.000,-0.600
10.490,95.275,58.195,0.000,-0.600
10.495,95.275,58.195,0.000,-0.600
10.500,95.275,58.195,0.000,-0.600
10.505,95.275,58.195,0.000,-0.600
10.510,95.275,58.195,0.000,-0.600
10.515,95.275,58.195,0.000,-0.600
10.520,95.275,58.195,0.000,-0.600
10.525,95.275,58.195,0.000,-0.600
10.530,95.275,58.195,0.000,-0.600
10.535,95.275,58.195,0.000,-0.600
10.540,95.275,58.195,0.000,-0.600
10.545,95.275,58.195,0.000,-0.600
10.550,95.275,58.195,0.000,-0.600
10.555,95.275,58.195,0.000,-0.600
10.560,95.275,58.195,0.000,-0.600
10.565,95.275,58.195,0.000,-0.600
10.570,95.275,58.195,0.000,-0.600
10.575,95.275,58.195,0.000,-0.600
10.580,95.275,58.195,0.000,-0.600
10.585,95.275,58.195,0.000,-0.600
10.590,95.275,58.195,0.000,-0.600
10.595,95.275,58.195,0.000,-0.600
10.600,95.275,58.195,0.000,-0.600
10.605,95.275,58.195,0.000,-0.600
10.610,95.275,58.195,0.000,-0.600
10.615,95.275,58.195,0.000,-0.600
10.620,95.275,58.195,0.000,-0.600
10.625,95.275,58.195,0.000,-0.600
10.630,95.275,58.195,0.000,-0.600
10.635,95.275,58.195,0.000,-0.600
10.640,95.275,58.195,0.000,-0.600
10.645,95.275,58.195,0.000,-0.600
10.650,95.275,58.195,0.000,-0.600
10.655,95.275,58.195,0.000,-0.600
10.660,95.275,58.195,0.000,-0.600
10.665,95.275,58.195,0.000,-0.600
10.670,95.275,58.195,0.000,-0.600
10.675,95.275,58.195,0.000,-0.600
10.680,95.275,58.195,0.000,-0.600
10.685,95.275,58.195,0.000,-0.600
10.690,95.275,58.195,0.000,-0.600
10.695,95.275,58.195,0.000,-0.600
10.700,95.275,58.195,0.000,-0.600
10.705,95.275,58.195,0.000,-0.600
10.710,95.275,58.195,0.000,-0.600
10.715,95.275,58.195,0.000,-0.600
10.720,95.275,58.195,0.000,-0.600
10.725,95.275,58.195,0.000,-0.600
10.730,95.275,58.195,0.000,-0.600
10.735,95.275,58.195,0.000,-0.600
10.740,95.275,58.195,0.000,-0.600
10.745,95.275,58.195,0.000,-0.600
10.750,95.275,58.195,0.000,-0.600
10.755,95.275,58.195,0.000,-0.600
10.760,95.275,58.195,0.000,-0.600
10.765,95.275,58.195,0.000,-0.600
10.770,95.275,58.195,0.000,-0.600
10.775,95.275,58.195,0.000,-0.600
10.780,95.275,58.195,0.000,-0.600
10.785,95.275,58.195,0.000,-0.600
10.790,95.275,58.195,0.000,-0.600
10.795,95.275,58.195,0.000,-0.600
10.800,95.275,58.195,0.000,-0.600
10.805,95.275,58.195,0.000,-0.600
10.810,95.275,58.195,0.000,-0.600
10.815,95.275,58.195,0.000,-0.600
10.820,95.261,58.236,0.000,-0.600
10.825,95.261,58.236,0.000,-0.600
10.830,95.261,58.236,0.000,-0.600
10.835,95.261,58.236,0.000,-0.600
10.840,95.247,58.278,0.000,-0.600
10.845,95.247,58.278,0.000,-0.600
10.850,95.247,58.278,0.000,-0.600
10.855,95.247,58.278,0.000,-0.600
10.860,95.247,58.278,0.000,-0.600
10.865,95.247,58.278,0.000,-0.600
10.870,95.247,58.278,0.000,-0.600
10.875,95.247,58.278,0.000,-0.600
10.880,95.247,58.278,0.000,-0.600
10.885,95.247,58.278,0.000,-0.600
10.890,95.247,58.278,0.000,-0.600
10.895,95.247,58.278,0.000,-0.600
10.900,95.247,58.278,0.000,-0.600
10.905,95.247,58.278,0.000,-0.600
10.910,95.247,58.278,0.000,-0.600
10.915,95.247,58.278,0.000,-0.600
10.920,95.247,58.278,0.000,-0.600
10.925,95.247,58.278,0.000,-0.600
10.930,95.247,58.278,0.000,-0.600
10.935,95.247,58.278,0.000,-0.600
10.940,95.247,58.278,0.000,-0.600
10.945,95.247,58.278,0.000,-0.600
10.950,95.247,58.278,0.000,-0.600
10.955,95.247,58.278,0.000,-0.600
10.960,95.247,58.278,0.000,-0.600
10.965,95.247,58.278,0.000,-0.600
10.970,95.247,58.278,0.000,-0.600
10.975,95.247,58.278,0.000,-0.600
10.980,95.247,58.278,0.000,-0.600
10.985,95.247,58.278,0.000,-0.600
10.990,95.247,58.278,0.000,-0.600
10.995,95.247,58.278,0.000,-0.600
11.000,95.247,58.278,0.000,-0.600
11.005,95.247,58.278,0.000,-0.600
11.010,95.247,58.278,0.000,-0.600
11.015,95.247,58.278,0.000,-0.600
11.020,95.247,58.278,0.000,-0.600
11.025,95.247,58.278,0.000,-0.600
11.030,95.247,58.278,0.000,-0.600
11.035,95.247,58.278,0.000,-0.600
11.040,95.247,58.278,0.000,-0.600
11.045,95.247,58.278,0.000,-0.600
11.050,95.247,58.278,0.000,-0.600
11.055,95.247,58.278,0.000,-0.600
11.060,95.247,58.278,0.000,-0.600
11.065,95.247,58.278,0.000,-0.600
11.070,95.247,58.278,0.000,-0.600
11.075,95.247,58.278,0.000,-0.600
11.080,95.247,58.278,0.000,-0.600
11.085,95.247,58.278,0.000,-0.600
11.090,95.247,58.278,0.000,-0.600
11.095,95.247,58.278,0.000,-0.600
11.100,95.247,58.278,0.000,-0.600
11.105,95.247,58.278,0.000,-0.600
11.110,95.247,58.278,0.000,-0.600
11.115,95.247,58.278,0.000,-0.600
11.120,95.247,58.278,0.000,-0.600
11.125,95.247,58.278,0.000,-0.600
11.130,95.247,58.278,0.000,-0.600
11.135,95.247,58.278,0.000,-0.600
11.140,95.247,58.278,0.000,-0.600
11.145,95.247,58.278,0.000,-0.600
11.150,95.247,58.278,0.000,-0.600
11.155,95.247,58.278,0.000,-0.600
11.160,95.247,58.278,0.000,-0.600
11.165,95.247,58.278,0.000,-0.600
11.170,95.247,58.278,0.000,-0.600
11.175,95.247,58.278,0.000,-0.600
11.180,95.247,58.278,0.000,-0.600
11.185,95.247,58.278,0.000,-0.600
11.190,95.247,58.278,0.000,-0.600
11.195,95.247,58.278,0.000,-0.600
11.200,95.247,58.278,0.000,-0.600
11.205,95.247,58.278,0.000,-0.600
11.210,95.247,58.278,0.000,-0.600
11.215,95.247,58.278,0.000,-0.600
11.220,95.247,58.278,0.000,-0.600
11.225,95.247,58.278,0.000,-0.600
11.230,95.247,58.278,0.000,-0.600
11.235,95.247,58.278,0.000,-0.600
11.240,95.247,58.278,0.000,-0.600
11.245,95.247,58.278,0.000,-0.600
11.250,95.247,58.278,0.000,-0.600
11.255,95.247,58.278,0.000,-0.600
11.260,95.247,58.278,0.000,-0.600
11.265,95.247,58.278,0.000,-0.600
11.270,95.247,58.278,0.000,-0.600
11.275,95.247,58.278,0.000,-0.600
11.280,95.247,58.278,0.000,-0.600
11.285,95.247,58.278,0.000,-0.600
11.290,95.247,58.278,0.000,-0.600
11.295,95.247,58.278,0.000,-0.600
11.300,95.247,58.278,0.000,-0.600
11.305,95.247,58.278,0.000,-0.600
11.310,95.247,58.278,0.000,-0.600
11.315,95.247,58.278,0.000,-0.600
11.320,95.247,58.278,0.000,-0.600
11.325,95.247,58.278,0.000,-0.600
11.330,95.247,58.278,0.000,-0.600
11.335,95.247,58.278,0.000,-0.600
11.340,95.247,58.278,0.000,-0.600
11.345,95.247,58.278,0.000,-0.600
11.350,95.247,58.278,0.000,-0.600
11.355,95.247,58.278,0.000,-0.600
11.360,95.247,58.278,0.000,-0.600
11.365,95.247,58.278,0.000,-0.600
11.370,95.247,58.278,0.000,-0.600
11.375,95.247,58.278,0.000,-0.600
11.380,95.247,58.278,0.000,-0.600
11.385,95.247,58.278,0.000,-0.600
11.390,95.247,58.278,0.000,-0.600
11.395,95.247,58.278,0.000,-0.600
11.400,95.247,58.278,0.000,-0.600
11.405,95.247,58.278,0.000,-0.600
11.410,95.247,58.278,0.000,-0.600
11.415,95.247,58.278,0.000,-0.600
11.420,95.247,58.278,0.000,-0.600
11.425,95.247,58.278,0.000,-0.600
11.430,95.247,58.278,0.000,-0.600
11.435,95.247,58.278,0.000,-0.600
11.440,95.247,58.278,0.000,-0.600
11.445,95.247,58.278,0.000,-0.600
11.450,95.247,58.278,0.000,-0.600
11.455,95.247,58.278,0.000,-0.600
11.460,95.247,58.278,0.000,-0.600
11.465,95.247,58.278,0.000,-0.600
11.470,95.247,58.278,0.000,-0.600
11.475,95.247,58.278,0.000,-0.600
11.480,95.247,58.278,0.000,-0.600
11.485,95.247,58.278,0.000,-0.600
11.490,95.247,58.278,0.000,-0.600
11.495,95.247,58.278,0.000,-0.600
11.500,95.247,58.278,0.000,-0.600
11.505,95.247,58.278,0.000,-0.600
11.510,95.247,58.278,0.000,-0.600
11.515,95.247,58.278,0.000,-0.600
11.520,95.247,58.278,0.000,-0.600
11.525,95.247,58.278,0.000,-0.600
11.530,95.247,58.278,0.000,-0.600
11.535,95.247,58.278,0.000,-0.600
11.540,95.247,58.278,0.000,-0.600
11.545,95.247,58.278,0.000,-0.600
11.550,95.247,58.278,0.000,-0.600
11.555,95.247,58.278,0.000,-0.600
11.560,95.247,58.278,0.000,-0.600
11.565,95.247,58.278,0.000,-0.600
11.570,95.247,58.278,0.000,-0.600
11.575,95.247,58.278,0.000,-0.600
11.580,95.247,58.278,0.000,-0.600
11.585,95.247,58.278,0.000,-0.600
11.590,95.247,58.278,0.000,-0.600
11.595,95.247,58.278,0.000,-0.600
11.600,95.247,58.278,0.000,-0.600
11.605,95.247,58.278,0.000,-0.600
11.610,95.247,58.278,0.000,-0.600
11.615,95.247,58.278,0.000,-0.600
11.620,95.247,58.278,0.000,-0.600
11.625,95.247,58.278,0.000,-0.600
11.630,95.247,58.278,0.000,-0.600
11.635,95.247,58.278,0.000,-0.600
11.640,95.247,58.278,0.000,-0.600
11.645,95.247,58.278,0.000,-0.600
11.650,95.247,58.278,0.000,-0.600
11.655,95.247,58.278,0.000,-0.600
11.660,95.247,58.278,0.000,-0.600
11.665,95.247,58.278,0.000,-0.600
11.670,95.247,58.278,0.000,-0.600
11.675,95.247,58.278,0.000,-0.600
11.680,95.247,58.278,0.000,-0.600
11.685,95.247,58.278,0.000,-0.600
11.690,95.247,58.278,0.000,-0.600
11.695,95.247,58.278,0.000,-0.600
11.700,95.247,58.278,0.000,-0.600
11.705,95.247,58.278,0.000,-0.600
11.710,95.247,58.278,0.000,-0.600
11.715,95.234,58.320,0.000,-0.600
11.720,95.234,58.320,0.000,-0.600
11.725,95.234,58.320,0.000,-0.600
11.730,95.234,58.320,0.000,-0.600
11.735,95.234,58.320,0.000,-0.600
11.740,95.234,58.320,0.000,-0.600
11.745,95.234,58.320,0.000,-0.600
11.750,95.234,58.320,0.000,-0.600
11.755,95.234,58.320,0.000,-0.600
11.760,95.234,58.320,0.000,-0.600
11.765,95.234,58.320,0.000,-0.600
11.770,95.234,58.320,0.000,-0.600
11.775,95.206,58.348,0.000,-0.600
11.780,95.206,58.348,0.000,-0.600
11.785,95.206,58.348,0.000,-0.600
11.790,95.206,58.348,0.000,-0.600
11.795,95.206,58.348,0.000,-0.600
11.800,95.206,58.348,0.000,-0.600
11.805,95.206,58.348,0.000,-0.600
11.810,95.206,58.348,0.000,-0.600
11.815,95.206,58.348,0.000,-0.600
11.820,95.206,58.348,0.000,-0.600
11.825,95.206,58.348,0.000,-0.600
11.830,95.206,58.348,0.000,-0.600
11.835,95.206,58.348,0.000,-0.600
11.840,95.206,58.348,0.000,-0.600
11.845,95.206,58.348,0.000,-0.600
11.850,95.206,58.348,0.000,-0.600
11.855,95.206,58.348,0.000,-0.600
11.860,95.206,58.348,0.000,-0.600
11.865,95.206,58.348,0.000,-0.600
11.870,95.206,58.348,0.000,-0.600
11.875,95.206,58.348,0.000,-0.600
11.880,95.206,58.348,0.000,-0.600
11.885,95.206,58.348,0.000,-0.600
11.890,95.206,58.348,0.000,-0.600
11.895,95.206,58.348,0.000,-0.600
11.900,95.206,58.348,0.000,-0.600
11.905,95.206,58.348,0.000,-0.600
11.910,95.206,58.348,0.000,-0.600
11.915,95.206,58.348,0.000,-0.600
11.920,95.206,58.348,0.000,-0.600
11.925,95.206,58.348,0.000,-0.600
11.930,95.206,58.348,0.000,-0.600
11.935,95.206,58.348,0.000,-0.600
11.940,95.206,58.348,0.000,-0.600
11.945,95.206,58.348,0.000,-0.600
11.950,95.206,58.348,0.000,-0.600
11.955,95.206,58.348,0.000,-0.600
11.960,95.206,58.348,0.000,-0.600
11.965,95.206,58.348,0.000,-0.600
11.970,95.206,58.348,0.000,-0.600
11.975,95.206,58.348,0.000,-0.600
11.980,95.206,58.348,0.000,-0.600
11.985,95.206,58.348,0.000,-0.600
11.990,95.206,58.348,0.000,-0.600
11.995,95.206,58.348,0.000,-0.600
12.000,95.206,58.348,0.000,-0.600
12.005,95.206,58.348,0.000,-0.600
12.010,95.206,58.348,0.000,-0.600
12.015,95.206,58.348,0.000,-0.600
12.020,95.206,58.348,0.000,-0.600
12.025,95.206,58.348,0.000,-0.600
12.030,95.192,58.389,0.000,-0.600
12.035,95.178,58.417,0.000,-0.600
12.040,95.178,58.417,0.000,-0.600
12.045,95.150,58.487,0.000,-0.600
12.050,95.122,58.529,0.000,-0.600
12.055,95.094,58.598,0.000,-0.600
12.060,95.067,58.668,0.000,-0.600
12.065,95.011,58.779,0.000,-0.600
12.070,94.969,58.849,0.000,-0.600
12.075,94.913,58.960,0.000,-0.600
12.080,94.872,59.057,0.000,-0.600
12.085,94.816,59.183,0.000,-0.600
12.090,94.746,59.322,0.000,-0.600
12.095,94.705,59.433,0.000,-0.600
12.100,94.649,59.531,0.000,-0.600
12.105,94.593,59.642,0.000,-0.600
12.110,94.552,59.739,0.000,-0.600
12.115,94.496,59.865,0.000,-0.600
12.120,94.440,59.976,0.000,-0.600
12.125,94.399,60.073,0.000,-0.600
12.130,94.343,60.185,0.000,-0.600
12.135,94.315,60.268,0.000,-0.600
12.140,94.259,60.365,0.000,-0.600
12.145,94.232,60.435,0.000,-0.600
12.150,94.190,60.519,0.000,-0.600
12.155,94.176,60.532,0.000,-0.600
12.160,94.148,60.616,0.000,-0.600
12.165,94.106,60.686,0.000,-0.600
12.170,94.092,60.727,0.000,-0.600
12.175,94.078,60.769,0.000,-0.600
12.180,94.051,60.825,0.000,-0.600
12.185,94.037,60.866,0.000,-0.600
12.190,94.009,60.908,0.000,-0.600
12.195,93.995,60.950,0.000,-0.600
12.200,93.981,60.978,0.000,-0.600
12.205,93.967,61.020,0.000,-0.600
12.210,93.953,61.047,0.000,-0.600
12.215,93.953,61.047,0.000,-0.600
12.220,93.925,61.089,0.000,-0.600
12.225,93.911,61.117,0.000,-0.600
12.230,93.898,61.159,0.000,-0.600
12.235,93.884,61.200,0.000,-0.600
12.240,93.884,61.200,0.000,-0.600
12.245,93.856,61.228,0.000,-0.600
12.250,93.856,61.228,0.000,-0.600
12.255,93.842,61.270,0.000,-0.600
12.260,93.842,61.270,0.000,-0.600
12.265,93.842,61.270,0.000,-0.600
12.270,93.828,61.298,0.000,-0.600
12.275,93.828,61.298,0.000,-0.600
12.280,93.828,61.298,0.000,-0.600
12.285,93.828,61.298,0.000,-0.600
12.290,93.828,61.298,0.000,-0.600
12.295,93.828,61.298,0.000,-0.600
12.300,93.828,61.298,0.000,-0.600
12.305,93.828,61.298,0.000,-0.600
12.310,93.828,61.298,0.000,-0.600
12.315,93.828,61.298,0.000,-0.600
12.320,93.828,61.298,0.000,-0.600
12.325,93.828,61.298,0.000,-0.600
12.330,93.828,61.298,0.000,-0.600
12.335,93.828,61.298,0.000,-0.600
12.340,93.828,61.298,0.000,-0.600
12.345,93.828,61.298,0.000,-0.600
12.350,93.828,61.298,0.000,-0.600
12.355,93.828,61.298,0.000,-0.600
12.360,93.828,61.298,0.000,-0.600
12.365,93.828,61.298,0.000,-0.600
12.370,93.828,61.298,0.000,-0.600
12.375,93.828,61.298,0.000,-0.600
12.380,93.828,61.298,0.000,-0.600
12.385,93.828,61.298,0.000,-0.600
12.390,93.828,61.298,0.000,-0.600
12.395,93.828,61.298,0.000,-0.600
12.400,93.828,61.298,0.000,-0.600
12.405,93.828,61.298,0.000,-0.600
12.410,93.828,61.298,0.000,-0.600
12.415,93.828,61.298,0.000,-0.600
12.420,93.828,61.298,0.000,-0.600
12.425,93.828,61.298,0.000,-0.600
12.430,93.828,61.298,0.000,-0.600
12.435,93.828,61.298,0.000,-0.600
12.440,93.828,61.298,0.000,-0.600
12.445,93.828,61.298,0.000,-0.600
12.450,93.828,61.298,0.000,-0.600
12.455,93.828,61.298,0.000,-0.600
12.460,93.828,61.298,0.000,-0.600
12.465,93.828,61.298,0.000,-0.600
12.470,93.828,61.298,0.000,-0.600
12.475,93.828,61.298,0.000,-0.600
12.480,93.828,61.298,0.000,-0.600
12.485,93.828,61.298,0.000,-0.600
12.490,93.828,61.298,0.000,-0.600
12.495,93.828,61.298,0.000,-0.600
12.500,93.828,61.298,0.000,-0.600
12.505,93.828,61.298,0.000,-0.600
12.510,93.828,61.298,0.000,-0.600
12.515,93.828,61.298,0.000,-0.600
12.520,93.828,61.298,0.000,-0.600
12.525,93.828,61.298,0.000,-0.600
12.530,93.828,61.298,0.000,-0.600
12.535,93.828,61.298,0.000,-0.600
12.540,93.828,61.298,0.000,-0.600
12.545,93.828,61.298,0.000,-0.600
12.550,93.828,61.298,0.000,-0.600
12.555,93.828,61.298,0.000,-0.600
12.560,93.828,61.298,0.000,-0.600
12.565,93.828,61.298,0.000,-0.600
12.570,93.828,61.298,0.000,-0.600
12.575,93.828,61.298,0.000,-0.600
12.580,93.828,61.298,0.000,-0.600
12.585,93.828,61.298,0.000,-0.600
12.590,93.828,61.298,0.000,-0.600
12.595,93.842,61.270,0.000,-0.600
12.600,93.856,61.228,0.000,-0.600
12.605,93.898,61.159,0.000,-0.600
12.610,93.953,61.047,0.000,-0.600
12.615,93.995,60.950,0.000,-0.600
12.620,94.065,60.797,0.000,-0.600
12.625,94.134,60.658,0.000,-0.600
12.630,94.218,60.477,0.000,-0.600
12.635,94.301,60.282,0.000,-0.600
12.640,94.399,60.073,0.000,-0.600
12.645,94.496,59.865,0.000,-0.600
12.650,94.621,59.600,0.000,-0.600
12.655,94.746,59.322,0.000,-0.600
12.660,94.913,58.988,0.000,-0.600
12.665,95.067,58.640,0.000,-0.600
12.670,95.261,58.236,0.000,-0.600
12.675,95.484,57.777,0.000,-0.600
12.680,95.721,57.276,0.000,-0.600
12.685,95.999,56.692,0.000,-0.600
12.690,96.291,56.121,0.000,-0.600
12.695,96.597,55.481,0.000,-0.600
12.700,96.931,54.813,0.000,-0.600
12.705,97.293,54.089,0.000,-0.600
12.710,97.591,53.406,0.000,-0.600
12.715,97.882,52.672,0.000,-0.600
12.720,98.043,51.905,0.000,-0.600
12.725,98.103,51.048,0.000,-0.600
12.730,97.898,50.160,0.000,-0.600
12.735,97.729,49.244,0.000,-0.600
12.740,97.324,48.278,0.000,-0.600
12.745,96.927,47.396,0.000,-0.600
12.750,96.516,46.550,0.000,-0.600
12.755,96.162,45.720,0.000,-0.600
12.760,95.880,44.943,0.000,-0.600
12.765,95.499,44.154,0.000,-0.600
12.770,95.283,43.486,0.000,-0.600
12.775,95.003,42.823,0.000,-0.600
12.780,94.830,42.199,0.000,-0.600
12.785,94.687,41.647,0.000,-0.600
12.790,94.544,41.130,0.000,-0.600
12.795,94.409,40.643,0.000,-0.600
12.800,94.296,40.198,0.000,-0.600
12.805,94.218,39.755,0.000,-0.600
12.810,94.220,39.393,0.000,-0.600
12.815,94.137,39.057,0.000,-0.600
12.820,94.040,38.742,0.000,-0.600
12.825,94.036,38.436,0.000,-0.600
12.830,93.853,38.146,0.000,-0.600
12.835,93.736,37.921,0.000,-0.600
12.840,93.561,37.659,0.000,-0.600
12.845,93.359,37.452,0.000,-0.600
12.850,93.142,37.281,0.000,-0.600
12.855,92.911,37.131,0.000,-0.600
12.860,92.609,36.964,0.000,-0.600
12.865,92.343,36.855,0.000,-0.600
12.870,92.143,36.783,0.000,-0.600
12.875,91.964,36.720,0.000,-0.600
12.880,91.799,36.686,0.000,-0.600
12.885,91.576,36.621,0.000,-0.600
12.890,91.433,36.587,0.000,-0.600
12.895,91.197,36.522,0.000,-0.600
12.900,91.046,36.466,0.000,-0.600
12.905,90.809,36.387,0.000,-0.600
12.910,90.666,36.353,0.000,-0.600
12.915,90.537,36.327,0.000,-0.600
12.920,90.315,36.234,0.000,-0.600
12.925,90.221,36.230,0.000,-0.600
12.930,90.114,36.190,0.000,-0.600
12.935,89.949,36.135,0.000,-0.600
12.940,89.842,36.117,0.000,-0.600
12.945,89.713,36.091,0.000,-0.600
12.950,89.619,36.052,0.000,-0.600
12.955,89.512,36.020,0.000,-0.600
12.960,89.397,35.994,0.000,-0.600
12.965,89.289,35.954,0.000,-0.600
12.970,89.218,35.953,0.000,-0.600
12.975,89.160,35.901,0.000,-0.600
12.980,89.124,35.921,0.000,-0.600
12.985,89.089,35.897,0.000,-0.600
12.990,89.089,35.897,0.000,-0.600
12.995,89.017,35.881,0.000,-0.600
13.000,89.017,35.881,0.000,-0.600
13.005,88.959,35.857,0.000,-0.600
13.010,88.959,35.857,0.000,-0.600
13.015,88.888,35.855,0.000,-0.600
13.020,88.888,35.855,0.000,-0.600
13.025,88.888,35.855,0.000,-0.600
13.030,88.852,35.818,0.000,-0.600
13.035,88.852,35.818,0.000,-0.600
13.040,88.852,35.818,0.000,-0.600
13.045,88.852,35.818,0.000,-0.600
13.050,88.852,35.818,0.000,-0.600
13.055,88.852,35.818,0.000,-0.600
13.060,88.838,35.845,0.000,-0.600
13.065,88.838,35.845,0.000,-0.600
13.070,88.824,35.887,0.000,-0.600
13.075,88.783,35.957,0.000,-0.600
13.080,88.769,35.999,0.000,-0.600
13.085,88.713,36.096,0.000,-0.600
13.090,88.657,36.207,0.000,-0.600
13.095,88.602,36.319,0.000,-0.600
13.100,88.546,36.416,0.000,-0.600
13.105,88.490,36.527,0.000,-0.600
13.110,88.421,36.667,0.000,-0.600
13.115,88.337,36.806,0.000,-0.600
13.120,88.296,36.903,0.000,-0.600
13.125,88.226,37.014,0.000,-0.600
13.130,88.184,37.126,0.000,-0.600
13.135,88.129,37.237,0.000,-0.600
13.140,88.087,37.307,0.000,-0.600
13.145,88.059,37.362,0.000,-0.600
13.150,88.017,37.446,0.000,-0.600
13.155,87.975,37.515,0.000,-0.600
13.160,87.934,37.585,0.000,-0.600
13.165,87.934,37.613,0.000,-0.600
13.170,87.906,37.655,0.000,-0.600
13.175,87.892,37.682,0.000,-0.600
13.180,87.864,37.724,0.000,-0.600
13.185,87.864,37.724,0.000,-0.600
13.190,87.850,37.766,0.000,-0.600
13.195,87.850,37.766,0.000,-0.600
13.200,87.836,37.794,0.000,-0.600
13.205,87.836,37.794,0.000,-0.600
13.210,87.808,37.835,0.000,-0.600
13.215,87.795,37.863,0.000,-0.600
13.220,87.781,37.905,0.000,-0.600
13.225,87.767,37.933,0.000,-0.600
13.230,87.739,37.975,0.000,-0.600
13.235,87.725,38.016,0.000,-0.600
13.240,87.711,38.044,0.000,-0.600
13.245,87.683,38.086,0.000,-0.600
13.250,87.669,38.114,0.000,-0.600
13.255,87.655,38.142,0.000,-0.600
13.260,87.641,38.183,0.000,-0.600
13.265,87.641,38.183,0.000,-0.600
13.270,87.614,38.225,0.000,-0.600
13.275,87.614,38.225,0.000,-0.600
13.280,87.614,38.225,0.000,-0.600
13.285,87.614,38.225,0.000,-0.600
13.290,87.614,38.225,0.000,-0.600
13.295,87.614,38.225,0.000,-0.600
13.300,87.614,38.225,0.000,-0.600
13.305,87.614,38.225,0.000,-0.600
13.310,87.614,38.225,0.000,-0.600
13.315,87.614,38.225,0.000,-0.600
13.320,87.614,38.225,0.000,-0.600
13.325,87.614,38.225,0.000,-0.600
13.330,87.614,38.225,0.000,-0.600
13.335,87.614,38.225,0.000,-0.600
13.340,87.614,38.225,0.000,-0.600
13.345,87.614,38.225,0.000,-0.600
13.350,87.614,38.225,0.000,-0.600
13.355,87.614,38.225,0.000,-0.600
13.360,87.614,38.225,0.000,-0.600
13.365,87.614,38.225,0.000,-0.600
13.370,87.614,38.225,0.000,-0.600
13.375,87.614,38.225,0.000,-0.600
13.380,87.614,38.225,0.000,-0.600
13.385,87.614,38.225,0.000,-0.600
13.390,87.614,38.225,0.000,-0.600
13.395,87.614,38.225,0.000,-0.600
13.400,87.614,38.225,0.000,-0.600
13.405,87.614,38.225,0.000,-0.600
13.410,87.614,38.225,0.000,-0.600
13.415,87.614,38.225,0.000,-0.600
13.420,87.614,38.225,0.000,-0.600
13.425,87.614,38.225,0.000,-0.600
13.430,87.614,38.225,0.000,-0.600
13.435,87.614,38.225,0.000,-0.600
