Time (s),End Effector X (mm),End Effector Y (mm),Target X (mm),Target Y (mm),Theta 1,Theta 2,Omega 1,Omega 2
0.000,24.793,-33.982,27.000,-45.000,-5141.000,-9912.000,24.793,-33.982
0.001,24.793,-33.982,27.000,-45.000,-5141.000,-9912.000,24.793,-33.982
0.002,24.793,-33.982,27.000,-45.000,-5141.000,-9912.000,24.793,-33.982
0.003,24.793,-33.982,27.000,-45.000,-5141.000,-9912.000,24.793,-33.982
0.004,24.793,-33.982,27.000,-45.000,-5141.000,-9912.000,24.793,-33.982
0.005,24.793,-33.982,27.000,-45.000,-5141.000,-9912.000,24.793,-33.982
0.006,24.793,-33.982,27.000,-45.000,-5141.000,-9912.000,24.793,-33.982
0.007,24.793,-33.982,27.000,-45.000,-5141.000,-9912.000,24.793,-33.982
0.008,24.793,-33.982,27.000,-45.000,-5141.000,-9912.000,24.793,-33.982
0.009,24.793,-33.982,27.000,-45.000,-5141.000,-9912.000,24.793,-33.982
0.010,24.793,-33.982,27.000,-45.000,-5141.000,-9912.000,24.793,-33.982
0.011,24.793,-33.982,27.000,-45.000,-5141.000,-9912.000,24.793,-33.982
0.012,24.793,-33.982,27.000,-45.000,-5141.000,-9912.000,24.793,-33.982
0.013,24.793,-33.982,27.000,-45.000,-5141.000,-9912.000,24.793,-33.982
0.014,24.793,-33.982,27.000,-45.000,-5141.000,-9912.000,24.793,-33.982
0.015,24.793,-33.982,27.000,-45.000,-5141.000,-9912.000,24.793,-33.982
0.016,24.793,-33.982,27.000,-45.000,-5141.000,-9912.000,24.793,-33.982
0.017,24.793,-33.982,27.000,-45.000,-5141.000,-9912.000,24.793,-33.982
0.018,24.793,-33.982,27.000,-45.000,-5141.000,-9912.000,24.793,-33.982
0.019,24.793,-33.982,27.000,-45.000,-5141.000,-9912.000,24.793,-33.982
0.020,24.793,-33.982,27.000,-45.000,-5141.000,-9912.000,24.793,-33.982
0.021,24.793,-33.982,27.000,-45.000,-5141.000,-9912.000,24.793,-33.982
0.022,24.793,-33.982,27.000,-45.000,-5141.000,-9912.000,24.793,-33.982
0.023,24.793,-33.982,27.000,-45.000,-5141.000,-9912.000,24.793,-33.982
0.024,24.793,-33.982,27.000,-45.000,-5141.000,-9912.000,24.793,-33.982
0.025,24.793,-33.982,27.000,-45.000,-5141.000,-9912.000,24.793,-33.982
0.026,24.793,-33.982,27.000,-45.000,-5141.000,-9912.000,24.793,-33.982
0.027,24.793,-33.982,27.000,-45.000,-5141.000,-9912.000,24.793,-33.982
0.028,24.793,-33.982,27.000,-45.000,-5141.000,-9912.000,24.793,-33.982
0.029,24.793,-33.982,27.000,-45.000,-5141.000,-9912.000,24.793,-33.982
0.030,24.793,-33.982,27.000,-45.000,-5141.000,-9912.000,24.793,-33.982
0.031,24.793,-33.982,27.000,-45.000,-5141.000,-9912.000,24.793,-33.982
0.032,24.793,-33.982,27.000,-45.000,-5141.000,-9912.000,24.793,-33.982
0.033,24.793,-33.982,27.000,-45.000,-5141.000,-9912.000,24.793,-33.982
0.034,24.793,-33.982,27.000,-45.000,-5141.000,-9912.000,24.793,-33.982
0.035,24.793,-33.982,27.000,-45.000,-5141.000,-9912.000,24.793,-33.982
0.036,24.793,-33.982,27.000,-45.000,-5141.000,-9912.000,24.793,-33.982
0.037,24.793,-33.982,27.000,-45.000,-5141.000,-9912.000,24.793,-33.982
0.038,24.793,-33.982,27.000,-45.000,-5141.000,-9912.000,24.793,-33.982
0.039,24.793,-33.982,27.000,-45.000,-5141.000,-9912.000,24.793,-33.982
0.040,24.793,-33.982,27.000,-45.000,-5141.000,-9912.000,24.793,-33.982
0.041,24.793,-33.982,27.000,-45.000,-5141.000,-9912.000,24.793,-33.982
0.042,24.793,-33.982,27.000,-45.000,-5141.000,-9912.000,24.793,-33.982
0.043,24.793,-33.982,27.000,-45.000,-5141.000,-9912.000,24.793,-33.982
0.044,24.793,-33.982,27.000,-45.000,-5141.000,-9912.000,24.793,-33.982
0.045,24.793,-33.982,27.000,-45.000,-5141.000,-9912.000,24.793,-33.982
0.046,24.793,-33.982,27.000,-45.000,-5141.000,-9912.000,24.793,-33.982
0.047,24.793,-33.982,27.000,-45.000,-5141.000,-9912.000,24.793,-33.982
0.048,24.793,-33.982,27.000,-45.000,-5141.000,-9912.000,24.793,-33.982
0.049,24.793,-33.982,27.000,-45.000,-5141.000,-9912.000,24.793,-33.982
0.050,24.793,-33.982,27.000,-45.000,-5141.000,-9912.000,24.793,-33.982
0.051,24.793,-33.982,27.000,-45.000,-5141.000,-9912.000,24.793,-33.982
0.052,24.793,-33.982,27.000,-45.000,-5141.000,-9912.000,24.793,-33.982
0.053,24.793,-33.982,27.000,-45.000,-5141.000,-9912.000,24.793,-33.982
0.054,24.793,-33.982,27.000,-45.000,-5141.000,-9912.000,24.793,-33.982
0.055,24.793,-33.982,27.000,-45.000,-5141.000,-9912.000,24.793,-33.982
0.056,24.793,-33.982,27.000,-45.000,-5141.000,-9912.000,24.793,-33.982
0.057,24.793,-33.982,27.000,-45.000,-5141.000,-9912.000,24.793,-33.982
0.058,24.793,-33.982,27.000,-45.000,-5141.000,-9912.000,24.793,-33.982
0.059,24.793,-33.982,27.000,-45.000,-5141.000,-9912.000,24.793,-33.982
0.060,24.793,-33.982,27.000,-45.000,-5141.000,-9912.000,24.793,-33.982
0.061,24.793,-33.982,27.000,-45.000,-5141.000,-9912.000,24.793,-33.982
0.062,24.793,-33.982,27.000,-45.000,-5141.000,-9912.000,24.793,-33.982
0.063,24.793,-33.982,27.000,-45.000,-5141.000,-9912.000,24.793,-33.982
0.064,24.793,-33.982,27.000,-45.000,-5141.000,-9912.000,24.793,-33.982
0.065,24.793,-33.982,27.000,-45.000,-5141.000,-9912.000,24.793,-33.982
0.066,24.793,-33.982,27.000,-45.000,-5141.000,-9912.000,24.793,-33.982
0.067,24.793,-33.982,27.000,-45.000,-5141.000,-9912.000,24.793,-33.982
0.068,24.793,-33.982,27.000,-45.000,-5141.000,-9912.000,24.793,-33.982
0.069,24.793,-33.982,27.000,-45.000,-5141.000,-9912.000,24.793,-33.982
0.070,24.793,-33.982,27.000,-45.000,-5141.000,-9912.000,24.793,-33.982
0.071,24.793,-33.982,27.000,-45.000,-5141.000,-9912.000,24.793,-33.982
0.072,24.793,-33.982,27.000,-45.000,-5141.000,-9912.000,24.793,-33.982
0.073,24.793,-33.982,27.000,-45.000,-5141.000,-9912.000,24.793,-33.982
0.074,24.793,-33.982,27.000,-45.000,-5141.000,-9912.000,24.793,-33.982
0.075,24.793,-33.982,27.000,-45.000,-5141.000,-9912.000,24.793,-33.982
0.076,24.793,-33.982,27.000,-45.000,-5141.000,-9912.000,24.793,-33.982
0.077,24.793,-33.982,27.000,-45.000,-5141.000,-9912.000,24.793,-33.982
0.078,24.793,-33.982,27.000,-45.000,-5141.000,-9912.000,24.793,-33.982
0.079,24.793,-33.982,27.000,-45.000,-5141.000,-9912.000,24.793,-33.982
0.080,24.793,-33.982,27.000,-45.000,-5141.000,-9912.000,24.793,-33.982
0.081,24.793,-33.982,27.000,-45.000,-5141.000,-9912.000,24.793,-33.982
0.082,24.793,-33.982,27.000,-45.000,-5141.000,-9912.000,24.793,-33.982
0.083,24.793,-33.982,27.000,-45.000,-5141.000,-9912.000,24.793,-33.982
0.084,24.793,-33.982,27.000,-45.000,-5141.000,-9912.000,24.793,-33.982
0.085,24.793,-33.982,27.000,-45.000,-5141.000,-9912.000,24.793,-33.982
0.086,24.793,-33.982,27.000,-45.000,-5141.000,-9912.000,24.793,-33.982
0.087,24.793,-33.982,27.000,-45.000,-5141.000,-9912.000,24.793,-33.982
0.088,24.793,-33.982,27.000,-45.000,-5141.000,-9912.000,24.793,-33.982
0.089,24.793,-33.982,27.000,-45.000,-5141.000,-9912.000,24.793,-33.982
0.090,24.793,-33.982,27.000,-45.000,-5141.000,-9912.000,24.793,-33.982
0.091,24.793,-33.982,27.000,-45.000,-5141.000,-9912.000,24.793,-33.982
0.092,24.793,-33.982,27.000,-45.000,-5141.000,-9912.000,24.793,-33.982
0.093,24.793,-33.982,27.000,-45.000,-5141.000,-9912.000,24.793,-33.982
0.094,24.793,-33.982,27.000,-45.000,-5141.000,-9912.000,24.793,-33.982
0.095,24.793,-33.982,27.000,-45.000,-5141.000,-9912.000,24.793,-33.982
0.096,24.793,-33.982,27.000,-45.000,-5141.000,-9912.000,24.793,-33.982
0.097,24.793,-33.982,27.000,-45.000,-5141.000,-9912.000,24.793,-33.982
0.098,24.793,-33.982,27.000,-45.000,-5141.000,-9912.000,24.793,-33.982
0.099,24.793,-33.982,27.000,-45.000,-5141.000,-9912.000,24.793,-33.982
0.100,24.793,-33.982,27.000,-45.000,-5141.000,-9912.000,24.793,-33.982
0.101,24.793,-33.982,27.000,-45.000,-5141.000,-9912.000,24.793,-33.982
0.102,24.793,-33.982,27.000,-45.000,-5141.000,-9912.000,24.793,-33.982
0.103,24.793,-33.982,27.000,-45.000,-5141.000,-9912.000,24.793,-33.982
0.104,24.793,-33.982,27.000,-45.000,-5141.000,-9912.000,24.793,-33.982
0.105,24.793,-33.982,27.000,-45.000,-5141.000,-9912.000,24.793,-33.982
0.106,24.793,-33.982,27.000,-45.000,-5141.000,-9912.000,24.793,-33.982
0.107,24.793,-33.982,27.000,-45.000,-5141.000,-9912.000,24.793,-33.982
0.108,24.793,-33.982,27.000,-45.000,-5141.000,-9912.000,24.793,-33.982
0.109,24.793,-33.982,27.000,-45.000,-5141.000,-9912.000,24.793,-33.982
0.110,24.793,-33.982,27.000,-45.000,-5141.000,-9912.000,24.793,-33.982
0.111,24.793,-33.982,27.000,-45.000,-5141.000,-9912.000,24.793,-33.982
0.112,24.793,-33.982,27.000,-45.000,-5141.000,-9912.000,24.793,-33.982
0.113,24.793,-33.982,27.000,-45.000,-5141.000,-9912.000,24.793,-33.982
0.114,24.793,-33.982,27.000,-45.000,-5141.000,-9912.000,24.793,-33.982
0.115,24.793,-33.982,27.000,-45.000,-5141.000,-9912.000,24.793,-33.982
0.116,24.793,-33.982,27.000,-45.000,-5141.000,-9912.000,24.793,-33.982
0.117,24.793,-33.982,27.000,-45.000,-5141.000,-9912.000,24.793,-33.982
0.118,24.793,-33.982,27.000,-45.000,-5141.000,-9912.000,24.793,-33.982
0.119,24.793,-33.982,27.000,-45.000,-5141.000,-9912.000,24.793,-33.982
0.120,24.793,-33.982,27.000,-45.000,-5141.000,-9912.000,24.793,-33.982
0.121,24.793,-33.982,27.000,-45.000,-5141.000,-9912.000,24.793,-33.982
0.122,24.793,-33.982,27.000,-45.000,-5141.000,-9912.000,24.793,-33.982
0.123,24.793,-33.982,27.000,-45.000,-5141.000,-9912.000,24.793,-33.982
0.124,24.793,-33.982,27.000,-45.000,-5141.000,-9912.000,24.793,-33.982
0.125,24.793,-33.982,27.000,-45.000,-5141.000,-9912.000,24.793,-33.982
0.126,24.793,-33.982,27.000,-45.000,-5141.000,-9912.000,24.793,-33.982
0.127,24.793,-33.982,27.000,-45.000,-5141.000,-9912.000,24.793,-33.982
0.128,24.793,-33.982,27.000,-45.000,-5141.000,-9912.000,24.793,-33.982
0.129,24.793,-33.982,27.000,-45.000,-5141.000,-9912.000,24.793,-33.982
0.130,24.793,-33.982,27.000,-45.000,-5141.000,-9912.000,24.793,-33.982
0.131,24.793,-33.982,27.000,-45.000,-5141.000,-9912.000,24.793,-33.982
0.132,24.793,-33.982,27.000,-45.000,-5141.000,-9912.000,24.793,-33.982
0.133,24.793,-33.982,27.000,-45.000,-5141.000,-9912.000,24.793,-33.982
0.134,24.793,-33.982,27.000,-45.000,-5141.000,-9912.000,24.793,-33.982
0.135,24.793,-33.982,27.000,-45.000,-5141.000,-9912.000,24.793,-33.982
0.136,24.793,-33.982,27.000,-45.000,-5141.000,-9912.000,24.793,-33.982
0.137,24.793,-33.982,27.000,-45.000,-5141.000,-9912.000,24.793,-33.982
0.138,24.793,-33.982,27.000,-45.000,-5141.000,-9912.000,24.793,-33.982
0.139,24.793,-33.982,27.000,-45.000,-5141.000,-9912.000,24.793,-33.982
0.140,24.793,-33.982,27.000,-45.000,-5141.000,-9912.000,24.793,-33.982
0.141,24.793,-33.982,27.000,-45.000,-5141.000,-9912.000,24.793,-33.982
0.142,24.793,-33.982,27.000,-45.000,-5141.000,-9912.000,24.793,-33.982
0.143,24.793,-33.982,27.000,-45.000,-5141.000,-9912.000,24.793,-33.982
0.144,24.793,-33.982,27.000,-45.000,-5141.000,-9912.000,24.793,-33.982
0.145,24.793,-33.982,27.000,-45.000,-5141.000,-9912.000,24.793,-33.982
0.146,24.793,-33.982,27.000,-45.000,-5141.000,-9912.000,24.793,-33.982
0.147,24.793,-33.982,27.000,-45.000,-5141.000,-9912.000,24.793,-33.982
0.148,24.793,-33.982,27.000,-45.000,-5141.000,-9912.000,24.793,-33.982
0.149,24.793,-33.982,27.000,-45.000,-5141.000,-9912.000,24.793,-33.982
0.150,24.793,-33.982,27.000,-45.000,-5141.000,-9912.000,24.793,-33.982
0.151,24.793,-33.982,27.000,-45.000,-5141.000,-9912.000,24.793,-33.982
0.152,24.793,-33.982,27.000,-45.000,-5141.000,-9912.000,24.793,-33.982
0.153,24.793,-33.982,27.000,-45.000,-5141.000,-9912.000,24.793,-33.982
0.154,24.793,-33.982,27.000,-45.000,-5141.000,-9912.000,24.793,-33.982
0.155,24.793,-33.982,27.000,-45.000,-5141.000,-9912.000,24.793,-33.982
0.156,24.793,-33.982,27.000,-45.000,-5141.000,-9912.000,24.793,-33.982
0.157,24.793,-33.982,27.000,-45.000,-5141.000,-9912.000,24.793,-33.982
0.158,24.793,-33.982,27.000,-45.000,-5141.000,-9912.000,24.793,-33.982
0.159,24.793,-33.982,27.000,-45.000,-5141.000,-9912.000,24.793,-33.982
0.160,24.793,-33.982,27.000,-45.000,-5141.000,-9912.000,24.793,-33.982
0.161,24.793,-33.982,27.000,-45.000,-5141.000,-9912.000,24.793,-33.982
0.162,24.793,-33.982,27.000,-45.000,-5141.000,-9912.000,24.793,-33.982
0.163,24.793,-33.982,27.000,-45.000,-5141.000,-9912.000,24.793,-33.982
0.164,24.793,-33.982,27.000,-45.000,-5141.000,-9912.000,24.793,-33.982
0.165,24.793,-33.982,27.000,-45.000,-5141.000,-9912.000,24.793,-33.982
0.166,24.793,-33.982,27.000,-45.000,-5141.000,-9912.000,24.793,-33.982
0.167,24.793,-33.982,27.000,-45.000,-5141.000,-9912.000,24.793,-33.982
0.168,24.793,-33.982,27.000,-45.000,-5141.000,-9912.000,24.793,-33.982
0.169,24.793,-33.982,27.000,-45.000,-5141.000,-9912.000,24.793,-33.982
0.170,24.793,-33.982,27.000,-45.000,-5141.000,-9912.000,24.793,-33.982
0.171,24.793,-33.982,27.000,-45.000,-5141.000,-9912.000,24.793,-33.982
0.172,24.793,-33.982,27.000,-45.000,-5141.000,-9912.000,24.793,-33.982
0.173,24.793,-33.982,27.000,-45.000,-5141.000,-9912.000,24.793,-33.982
0.174,24.793,-33.982,27.000,-45.000,-5141.000,-9912.000,24.793,-33.982
0.175,24.793,-33.982,27.000,-45.000,-5141.000,-9912.000,24.793,-33.982
0.176,24.793,-33.982,27.000,-45.000,-5141.000,-9912.000,24.793,-33.982
0.177,24.793,-33.982,27.000,-45.000,-5141.000,-9912.000,24.793,-33.982
0.178,24.793,-33.982,27.000,-45.000,-5141.000,-9912.000,24.793,-33.982
0.179,24.793,-33.982,27.000,-45.000,-5141.000,-9912.000,24.793,-33.982
0.180,24.793,-33.982,27.000,-45.000,-5141.000,-9912.000,24.793,-33.982
0.181,24.793,-33.982,27.000,-45.000,-5141.000,-9912.000,24.793,-33.982
0.182,24.793,-33.982,27.000,-45.000,-5141.000,-9912.000,24.793,-33.982
0.183,24.793,-33.982,27.000,-45.000,-5141.000,-9912.000,24.793,-33.982
0.184,24.793,-33.982,27.000,-45.000,-5141.000,-9912.000,24.793,-33.982
0.185,24.793,-33.982,27.000,-45.000,-5141.000,-9912.000,24.793,-33.982
0.186,24.793,-33.982,27.000,-45.000,-5141.000,-9912.000,24.793,-33.982
0.187,24.793,-33.982,27.000,-45.000,-5141.000,-9912.000,24.793,-33.982
0.188,24.793,-33.982,27.000,-45.000,-5141.000,-9912.000,24.793,-33.982
0.189,24.793,-33.982,27.000,-45.000,-5141.000,-9912.000,24.793,-33.982
0.190,24.793,-33.982,27.000,-45.000,-5141.000,-9912.000,24.793,-33.982
0.191,24.793,-33.982,27.000,-45.000,-5141.000,-9912.000,24.793,-33.982
0.192,24.793,-33.982,27.000,-45.000,-5141.000,-9912.000,24.793,-33.982
0.193,24.793,-33.982,27.000,-45.000,-5141.000,-9912.000,24.793,-33.982
0.194,24.793,-33.982,27.000,-45.000,-5141.000,-9912.000,24.793,-33.982
0.195,24.793,-33.982,27.000,-45.000,-5141.000,-9912.000,24.793,-33.982
0.196,24.793,-33.982,27.000,-45.000,-5141.000,-9912.000,24.793,-33.982
0.197,24.793,-33.982,27.000,-45.000,-5141.000,-9912.000,24.793,-33.982
0.198,24.793,-33.982,27.000,-45.000,-5141.000,-9912.000,24.793,-33.982
0.199,24.793,-33.982,27.000,-45.000,-5141.000,-9912.000,24.793,-33.982
0.200,24.793,-33.982,27.000,-45.000,-5141.000,-9912.000,24.793,-33.982
0.201,24.793,-33.982,27.000,-45.000,-5141.000,-9912.000,24.793,-33.982
0.202,24.793,-33.982,27.000,-45.000,-5141.000,-9912.000,24.793,-33.982
0.203,24.793,-33.982,27.000,-45.000,-5141.000,-9912.000,24.793,-33.982
0.204,24.793,-33.982,27.000,-45.000,-5141.000,-9912.000,24.793,-33.982
0.205,24.793,-33.982,27.000,-45.000,-5141.000,-9912.000,24.793,-33.982
0.206,24.793,-33.982,27.000,-45.000,-5141.000,-9912.000,24.793,-33.982
0.207,24.793,-33.982,27.000,-45.000,-5141.000,-9912.000,24.793,-33.982
0.208,24.793,-33.982,27.000,-45.000,-5141.000,-9912.000,24.793,-33.982
0.209,24.793,-33.982,27.000,-45.000,-5141.000,-9912.000,24.793,-33.982
0.210,24.793,-33.982,27.000,-45.000,-5141.000,-9912.000,24.793,-33.982
0.211,24.793,-33.982,27.000,-45.000,-5141.000,-9912.000,24.793,-33.982
0.212,24.793,-33.982,27.000,-45.000,-5141.000,-9912.000,24.793,-33.982
0.213,24.793,-33.982,27.000,-45.000,-5141.000,-9912.000,24.793,-33.982
0.214,24.793,-33.982,27.000,-45.000,-5141.000,-9912.000,24.793,-33.982
0.215,24.793,-33.982,27.000,-45.000,-5141.000,-9912.000,24.793,-33.982
0.216,24.793,-33.982,27.000,-45.000,-5141.000,-9912.000,24.793,-33.982
0.217,24.793,-33.982,27.000,-45.000,-5141.000,-9912.000,24.793,-33.982
0.218,24.793,-33.982,27.000,-45.000,-5141.000,-9912.000,24.793,-33.982
0.219,24.793,-33.982,27.000,-45.000,-5141.000,-9912.000,24.793,-33.982
0.220,24.793,-33.982,27.000,-45.000,-5141.000,-9912.000,24.793,-33.982
0.221,24.793,-33.982,27.000,-45.000,-5141.000,-9912.000,24.793,-33.982
0.222,24.793,-33.982,27.000,-45.000,-5141.000,-9912.000,24.793,-33.982
0.223,24.793,-33.982,27.000,-45.000,-5141.000,-9912.000,24.793,-33.982
0.224,24.793,-33.982,27.000,-45.000,-5141.000,-9912.000,24.793,-33.982
0.225,24.793,-33.982,27.000,-45.000,-5141.000,-9912.000,24.793,-33.982
0.226,24.793,-33.982,27.000,-45.000,-5141.000,-9912.000,24.793,-33.982
0.227,24.793,-33.982,27.000,-45.000,-5141.000,-9912.000,24.793,-33.982
0.228,24.793,-33.982,27.000,-45.000,-5141.000,-9912.000,24.793,-33.982
0.229,24.793,-33.982,27.000,-45.000,-5141.000,-9912.000,24.793,-33.982
0.230,24.793,-33.982,27.000,-45.000,-5141.000,-9912.000,24.793,-33.982
0.231,24.793,-33.982,27.000,-45.000,-5141.000,-9912.000,24.793,-33.982
0.232,24.793,-33.982,27.000,-45.000,-5141.000,-9912.000,24.793,-33.982
0.233,24.793,-33.982,27.000,-45.000,-5141.000,-9912.000,24.793,-33.982
0.234,24.793,-33.982,27.000,-45.000,-5141.000,-9912.000,24.793,-33.982
0.235,24.793,-33.982,27.000,-45.000,-5141.000,-9912.000,24.793,-33.982
0.236,24.793,-33.982,27.000,-45.000,-5141.000,-9912.000,24.793,-33.982
0.237,24.793,-33.982,27.000,-45.000,-5141.000,-9912.000,24.793,-33.982
0.238,24.793,-33.982,27.000,-45.000,-5141.000,-9912.000,24.793,-33.982
0.239,24.793,-33.982,27.000,-45.000,-5141.000,-9912.000,24.793,-33.982
0.240,24.793,-33.982,27.000,-45.000,-5141.000,-9912.000,24.793,-33.982
0.241,24.793,-33.982,27.000,-45.000,-5141.000,-9912.000,24.793,-33.982
0.242,24.793,-33.982,27.000,-45.000,-5141.000,-9912.000,24.793,-33.982
0.243,24.793,-33.982,27.000,-45.000,-5141.000,-9912.000,24.793,-33.982
0.244,24.793,-33.982,27.000,-45.000,-5141.000,-9912.000,24.793,-33.982
0.245,24.793,-33.982,27.000,-45.000,-5141.000,-9912.000,24.793,-33.982
0.246,24.793,-33.982,27.000,-45.000,-5141.000,-9912.000,24.793,-33.982
0.247,24.793,-33.982,27.000,-45.000,-5141.000,-9912.000,24.793,-33.982
0.248,24.793,-33.982,27.000,-45.000,-5141.000,-9912.000,24.793,-33.982
0.249,24.793,-33.982,27.000,-45.000,-5141.000,-9912.000,24.793,-33.982
0.250,24.793,-33.982,27.000,-45.000,-5141.000,-9912.000,24.793,-33.982
0.251,24.793,-33.982,27.000,-45.000,-5141.000,-9912.000,24.793,-33.982
0.252,24.793,-33.982,27.000,-45.000,-5141.000,-9912.000,24.793,-33.982
0.253,24.793,-33.982,27.000,-45.000,-5141.000,-9912.000,24.793,-33.982
0.254,24.793,-33.982,27.000,-45.000,-5141.000,-9912.000,24.793,-33.982
0.255,24.793,-33.982,27.000,-45.000,-5141.000,-9912.000,24.793,-33.982
0.256,24.793,-33.982,27.000,-45.000,-5141.000,-9912.000,24.793,-33.982
0.257,24.793,-33.982,27.000,-45.000,-5141.000,-9912.000,24.793,-33.982
0.258,24.793,-33.982,27.000,-45.000,-5141.000,-9912.000,24.793,-33.982
0.259,24.793,-33.982,27.000,-45.000,-5141.000,-9912.000,24.793,-33.982
0.260,24.793,-33.982,27.000,-45.000,-5141.000,-9912.000,24.793,-33.982
0.261,24.793,-33.982,27.000,-45.000,-5141.000,-9912.000,24.793,-33.982
0.262,24.793,-33.982,27.000,-45.000,-5141.000,-9912.000,24.793,-33.982
0.263,24.793,-33.982,27.000,-45.000,-5141.000,-9912.000,24.793,-33.982
0.264,24.793,-33.982,27.000,-45.000,-5141.000,-9912.000,24.793,-33.982
0.265,24.793,-33.982,27.000,-45.000,-5141.000,-9912.000,24.793,-33.982
0.266,24.793,-33.982,27.000,-45.000,-5141.000,-9912.000,24.793,-33.982
0.267,24.793,-33.982,27.000,-45.000,-5141.000,-9912.000,24.793,-33.982
0.268,24.793,-33.982,27.000,-45.000,-5141.000,-9912.000,24.793,-33.982
0.269,24.793,-33.982,27.000,-45.000,-5141.000,-9912.000,24.793,-33.982
0.270,24.793,-33.982,27.000,-45.000,-5141.000,-9912.000,24.793,-33.982
0.271,24.793,-33.982,27.000,-45.000,-5141.000,-9912.000,24.793,-33.982
0.272,24.793,-33.982,27.000,-45.000,-5141.000,-9912.000,24.793,-33.982
0.273,24.793,-33.982,27.000,-45.000,-5141.000,-9912.000,24.793,-33.982
0.274,24.793,-33.982,27.000,-45.000,-5141.000,-9912.000,24.793,-33.982
0.275,24.793,-33.982,27.000,-45.000,-5141.000,-9912.000,24.793,-33.982
0.276,24.793,-33.982,27.000,-45.000,-5141.000,-9912.000,24.793,-33.982
0.277,24.793,-33.982,27.000,-45.000,-5141.000,-9912.000,24.793,-33.982
0.278,24.793,-33.982,27.000,-45.000,-5141.000,-9912.000,24.793,-33.982
0.279,24.793,-33.982,27.000,-45.000,-5141.000,-9912.000,24.793,-33.982
0.280,24.793,-33.982,27.000,-45.000,-5141.000,-9912.000,24.793,-33.982
0.281,24.793,-33.982,27.000,-45.000,-5141.000,-9912.000,24.793,-33.982
0.282,24.793,-33.982,27.000,-45.000,-5141.000,-9912.000,24.793,-33.982
0.283,24.793,-33.982,27.000,-45.000,-5141.000,-9912.000,24.793,-33.982
0.284,24.793,-33.982,27.000,-45.000,-5141.000,-9912.000,24.793,-33.982
0.285,24.793,-33.982,27.000,-45.000,-5141.000,-9912.000,24.793,-33.982
0.286,24.793,-33.982,27.000,-45.000,-5141.000,-9912.000,24.793,-33.982
0.287,24.793,-33.982,27.000,-45.000,-5141.000,-9912.000,24.793,-33.982
0.288,24.793,-33.982,27.000,-45.000,-5141.000,-9912.000,24.793,-33.982
0.289,24.793,-33.982,27.000,-45.000,-5141.000,-9912.000,24.793,-33.982
0.290,24.793,-33.982,27.000,-45.000,-5141.000,-9912.000,24.793,-33.982
0.291,24.793,-33.982,27.000,-45.000,-5141.000,-9912.000,24.793,-33.982
0.292,24.793,-33.982,27.000,-45.000,-5141.000,-9912.000,24.793,-33.982
0.293,24.793,-33.982,27.000,-45.000,-5141.000,-9912.000,24.793,-33.982
0.294,24.793,-33.982,27.000,-45.000,-5141.000,-9912.000,24.793,-33.982
0.295,24.793,-33.982,27.000,-45.000,-5141.000,-9912.000,24.793,-33.982
0.296,24.793,-33.982,27.000,-45.000,-5141.000,-9912.000,24.793,-33.982
0.297,24.793,-33.982,27.000,-45.000,-5141.000,-9912.000,24.793,-33.982
0.298,24.793,-33.982,27.000,-45.000,-5141.000,-9912.000,24.793,-33.982
0.299,24.793,-33.982,27.000,-45.000,-5141.000,-9912.000,24.793,-33.982
0.300,24.793,-33.982,27.000,-45.000,-5141.000,-9912.000,24.793,-33.982
0.301,24.793,-33.982,27.000,-45.000,-5141.000,-9912.000,24.793,-33.982
0.302,24.793,-33.982,27.000,-45.000,-5141.000,-9912.000,24.793,-33.982
0.303,24.793,-33.982,27.000,-45.000,-5141.000,-9912.000,24.793,-33.982
0.304,24.793,-33.982,27.000,-45.000,-5141.000,-9912.000,24.793,-33.982
0.305,24.793,-33.982,27.000,-45.000,-5141.000,-9912.000,24.793,-33.982
0.306,24.793,-33.982,27.000,-45.000,-5141.000,-9912.000,24.793,-33.982
0.307,24.793,-33.982,27.000,-45.000,-5141.000,-9912.000,24.793,-33.982
0.308,24.793,-33.982,27.000,-45.000,-5141.000,-9912.000,24.793,-33.982
0.309,24.793,-33.982,27.000,-45.000,-5141.000,-9912.000,24.793,-33.982
0.310,24.793,-33.982,27.000,-45.000,-5141.000,-9912.000,24.793,-33.982
0.311,24.793,-33.982,27.000,-45.000,-5141.000,-9912.000,24.793,-33.982
0.312,24.793,-33.982,27.000,-45.000,-5141.000,-9912.000,24.793,-33.982
0.313,24.793,-33.982,27.000,-45.000,-5141.000,-9912.000,24.793,-33.982
0.314,24.793,-33.982,27.000,-45.000,-5141.000,-9912.000,24.793,-33.982
0.315,24.793,-33.982,27.000,-45.000,-5141.000,-9912.000,24.793,-33.982
0.316,24.793,-33.982,27.000,-45.000,-5141.000,-9912.000,24.793,-33.982
0.317,24.793,-33.982,27.000,-45.000,-5141.000,-9912.000,24.793,-33.982
0.318,24.793,-33.982,27.000,-45.000,-5141.000,-9912.000,24.793,-33.982
0.319,24.793,-33.982,27.000,-45.000,-5141.000,-9912.000,24.793,-33.982
0.320,24.793,-33.982,27.000,-45.000,-5141.000,-9912.000,24.793,-33.982
0.321,24.793,-33.982,27.000,-45.000,-5141.000,-9912.000,24.793,-33.982
0.322,24.793,-33.982,27.000,-45.000,-5141.000,-9912.000,24.793,-33.982
0.323,24.793,-33.982,27.000,-45.000,-5141.000,-9912.000,24.793,-33.982
0.324,24.793,-33.982,27.000,-45.000,-5141.000,-9912.000,24.793,-33.982
0.325,24.793,-33.982,27.000,-45.000,-5141.000,-9912.000,24.793,-33.982
0.326,24.793,-33.982,27.000,-45.000,-5141.000,-9912.000,24.793,-33.982
0.327,24.793,-33.982,27.000,-45.000,-5141.000,-9912.000,24.793,-33.982
0.328,24.793,-33.982,27.000,-45.000,-5141.000,-9912.000,24.793,-33.982
0.329,24.793,-33.982,27.000,-45.000,-5141.000,-9912.000,24.793,-33.982
0.330,24.793,-33.982,27.000,-45.000,-5141.000,-9912.000,24.793,-33.982
0.331,24.793,-33.982,27.000,-45.000,-5141.000,-9912.000,24.793,-33.982
0.332,24.793,-33.982,27.000,-45.000,-5141.000,-9912.000,24.793,-33.982
0.333,24.793,-33.982,27.000,-45.000,-5141.000,-9912.000,24.793,-33.982
0.334,24.793,-33.982,27.000,-45.000,-5141.000,-9912.000,24.793,-33.982
0.335,24.793,-33.982,27.000,-45.000,-5141.000,-9912.000,24.793,-33.982
0.336,24.793,-33.982,27.000,-45.000,-5141.000,-9912.000,24.793,-33.982
0.337,24.793,-33.982,27.000,-45.000,-5141.000,-9912.000,24.793,-33.982
0.338,24.793,-33.982,27.000,-45.000,-5141.000,-9912.000,24.793,-33.982
0.339,24.793,-33.982,27.000,-45.000,-5141.000,-9912.000,24.793,-33.982
0.340,24.793,-33.982,27.000,-45.000,-5141.000,-9912.000,24.793,-33.982
0.341,24.793,-33.982,27.000,-45.000,-5141.000,-9912.000,24.793,-33.982
0.342,24.793,-33.982,27.000,-45.000,-5141.000,-9912.000,24.793,-33.982
0.343,24.793,-33.982,27.000,-45.000,-5141.000,-9912.000,24.793,-33.982
0.344,24.793,-33.982,27.000,-45.000,-5141.000,-9912.000,24.793,-33.982
0.345,24.793,-33.982,27.000,-45.000,-5141.000,-9912.000,24.793,-33.982
0.346,24.793,-33.982,27.000,-45.000,-5141.000,-9912.000,24.793,-33.982
0.347,24.793,-33.982,27.000,-45.000,-5141.000,-9912.000,24.793,-33.982
0.348,24.793,-33.982,27.000,-45.000,-5141.000,-9912.000,24.793,-33.982
0.349,24.793,-33.982,27.000,-45.000,-5141.000,-9912.000,24.793,-33.982
0.350,24.793,-33.982,27.000,-45.000,-5141.000,-9912.000,24.793,-33.982
0.351,24.793,-33.982,27.000,-45.000,-5141.000,-9912.000,24.793,-33.982
0.352,24.793,-33.982,27.000,-45.000,-5141.000,-9912.000,24.793,-33.982
0.353,24.793,-33.982,27.000,-45.000,-5141.000,-9912.000,24.793,-33.982
0.354,24.793,-33.982,27.000,-45.000,-5141.000,-9912.000,24.793,-33.982
0.355,24.793,-33.982,27.000,-45.000,-5141.000,-9912.000,24.793,-33.982
0.356,24.793,-33.982,27.000,-45.000,-5141.000,-9912.000,24.793,-33.982
0.357,24.793,-33.982,27.000,-45.000,-5141.000,-9912.000,24.793,-33.982
0.358,24.793,-33.982,27.000,-45.000,-5141.000,-9912.000,24.793,-33.982
0.359,24.793,-33.982,27.000,-45.000,-5141.000,-9912.000,24.793,-33.982
0.360,24.793,-33.982,27.000,-45.000,-5141.000,-9912.000,24.793,-33.982
0.361,24.793,-33.982,27.000,-45.000,-5141.000,-9912.000,24.793,-33.982
0.362,24.793,-33.982,27.000,-45.000,-5141.000,-9912.000,24.793,-33.982
0.363,24.793,-33.982,27.000,-45.000,-5141.000,-9912.000,24.793,-33.982
0.364,24.793,-33.982,27.000,-45.000,-5141.000,-9912.000,24.793,-33.982
0.365,24.793,-33.982,27.000,-45.000,-5141.000,-9912.000,24.793,-33.982
0.366,24.793,-33.982,27.000,-45.000,-5141.000,-9912.000,24.793,-33.982
0.367,24.793,-33.982,27.000,-45.000,-5141.000,-9912.000,24.793,-33.982
0.368,24.793,-33.982,27.000,-45.000,-5141.000,-9912.000,24.793,-33.982
0.369,24.793,-33.982,27.000,-45.000,-5141.000,-9912.000,24.793,-33.982
0.370,24.793,-33.982,27.000,-45.000,-5141.000,-9912.000,24.793,-33.982
0.371,24.793,-33.982,27.000,-45.000,-5141.000,-9912.000,24.793,-33.982
0.372,24.793,-33.982,27.000,-45.000,-5141.000,-9912.000,24.793,-33.982
0.373,24.793,-33.982,27.000,-45.000,-5141.000,-9912.000,24.793,-33.982
0.374,24.793,-33.982,27.000,-45.000,-5141.000,-9912.000,24.793,-33.982
0.375,24.793,-33.982,27.000,-45.000,-5141.000,-9912.000,24.793,-33.982
0.376,24.793,-33.982,27.000,-45.000,-5141.000,-9912.000,24.793,-33.982
0.377,24.793,-33.982,27.000,-45.000,-5141.000,-9912.000,24.793,-33.982
0.378,24.793,-33.982,27.000,-45.000,-5141.000,-9912.000,24.793,-33.982
0.379,24.793,-33.982,27.000,-45.000,-5141.000,-9912.000,24.793,-33.982
0.380,24.793,-33.982,27.000,-45.000,-5141.000,-9912.000,24.793,-33.982
0.381,24.793,-33.982,27.000,-45.000,-5141.000,-9912.000,24.793,-33.982
0.382,24.793,-33.982,27.000,-45.000,-5141.000,-9912.000,24.793,-33.982
0.383,24.793,-33.982,27.000,-45.000,-5141.000,-9912.000,24.793,-33.982
0.384,24.793,-33.982,27.000,-45.000,-5141.000,-9912.000,24.793,-33.982
0.385,24.793,-33.982,27.000,-45.000,-5141.000,-9912.000,24.793,-33.982
0.386,24.793,-33.982,27.000,-45.000,-5141.000,-9912.000,24.793,-33.982
0.387,24.793,-33.982,27.000,-45.000,-5141.000,-9912.000,24.793,-33.982
0.388,24.793,-33.982,27.000,-45.000,-5141.000,-9912.000,24.793,-33.982
0.389,24.793,-33.982,27.000,-45.000,-5141.000,-9912.000,24.793,-33.982
0.390,24.793,-33.982,27.000,-45.000,-5141.000,-9912.000,24.793,-33.982
0.391,24.793,-33.982,27.000,-45.000,-5141.000,-9912.000,24.793,-33.982
0.392,24.793,-33.982,27.000,-45.000,-5141.000,-9912.000,24.793,-33.982
0.393,24.793,-33.982,27.000,-45.000,-5141.000,-9912.000,24.793,-33.982
0.394,24.793,-33.982,27.000,-45.000,-5141.000,-9912.000,24.793,-33.982
0.395,24.793,-33.982,27.000,-45.000,-5141.000,-9912.000,24.793,-33.982
0.396,24.793,-33.982,27.000,-45.000,-5141.000,-9912.000,24.793,-33.982
0.397,24.793,-33.982,27.000,-45.000,-5141.000,-9912.000,24.793,-33.982
0.398,24.793,-33.982,27.000,-45.000,-5141.000,-9912.000,24.793,-33.982
0.399,24.793,-33.982,27.000,-45.000,-5141.000,-9912.000,24.793,-33.982
0.400,24.793,-33.982,27.000,-45.000,-5141.000,-9912.000,24.793,-33.982
0.401,24.793,-33.982,27.000,-45.000,-5141.000,-9912.000,24.793,-33.982
0.402,24.793,-33.982,27.000,-45.000,-5141.000,-9912.000,24.793,-33.982
0.403,24.793,-33.982,27.000,-45.000,-5141.000,-9912.000,24.793,-33.982
0.404,24.793,-33.982,27.000,-45.000,-5141.000,-9912.000,24.793,-33.982
0.405,24.793,-33.982,27.000,-45.000,-5141.000,-9912.000,24.793,-33.982
0.406,24.793,-33.982,27.000,-45.000,-5141.000,-9912.000,24.793,-33.982
0.407,24.793,-33.982,27.000,-45.000,-5141.000,-9912.000,24.793,-33.982
0.408,24.793,-33.982,27.000,-45.000,-5141.000,-9912.000,24.793,-33.982
0.409,24.793,-33.982,27.000,-45.000,-5141.000,-9912.000,24.793,-33.982
0.410,24.793,-33.982,27.000,-45.000,-5141.000,-9912.000,24.793,-33.982
0.411,24.793,-33.982,27.000,-45.000,-5141.000,-9912.000,24.793,-33.982
0.412,24.793,-33.982,27.000,-45.000,-5141.000,-9912.000,24.793,-33.982
0.413,24.793,-33.982,27.000,-45.000,-5141.000,-9912.000,24.793,-33.982
0.414,24.793,-33.982,27.000,-45.000,-5141.000,-9912.000,24.793,-33.982
0.415,24.793,-33.982,27.000,-45.000,-5141.000,-9912.000,24.793,-33.982
0.416,24.793,-33.982,27.000,-45.000,-5141.000,-9912.000,24.793,-33.982
0.417,24.793,-33.982,27.000,-45.000,-5141.000,-9912.000,24.793,-33.982
0.418,24.793,-33.982,27.000,-45.000,-5141.000,-9912.000,24.793,-33.982
0.419,24.793,-33.982,27.000,-45.000,-5141.000,-9912.000,24.793,-33.982
0.420,24.793,-33.982,27.000,-45.000,-5141.000,-9912.000,24.793,-33.982
0.421,24.793,-33.982,27.000,-45.000,-5141.000,-9912.000,24.793,-33.982
0.422,24.793,-33.982,27.000,-45.000,-5141.000,-9912.000,24.793,-33.982
0.423,24.793,-33.982,27.000,-45.000,-5141.000,-9912.000,24.793,-33.982
0.424,24.793,-33.982,27.000,-45.000,-5141.000,-9912.000,24.793,-33.982
0.425,24.793,-33.982,27.000,-45.000,-5141.000,-9912.000,24.793,-33.982
0.426,24.793,-33.982,27.000,-45.000,-5141.000,-9912.000,24.793,-33.982
0.427,24.793,-33.982,27.000,-45.000,-5141.000,-9912.000,24.793,-33.982
0.428,24.793,-33.982,27.000,-45.000,-5141.000,-9912.000,24.793,-33.982
0.429,24.793,-33.982,27.000,-45.000,-5141.000,-9912.000,24.793,-33.982
0.430,24.793,-33.982,27.000,-45.000,-5141.000,-9912.000,24.793,-33.982
0.431,24.793,-33.982,27.000,-45.000,-5141.000,-9912.000,24.793,-33.982
0.432,24.793,-33.982,27.000,-45.000,-5141.000,-9912.000,24.793,-33.982
0.433,24.793,-33.982,27.000,-45.000,-5141.000,-9912.000,24.793,-33.982
0.434,24.793,-33.982,27.000,-45.000,-5141.000,-9912.000,24.793,-33.982
0.435,24.793,-33.982,27.000,-45.000,-5141.000,-9912.000,24.793,-33.982
0.436,24.793,-33.982,27.000,-45.000,-5141.000,-9912.000,24.793,-33.982
0.437,24.793,-33.982,27.000,-45.000,-5141.000,-9912.000,24.793,-33.982
0.438,24.793,-33.982,27.000,-45.000,-5141.000,-9912.000,24.793,-33.982
0.439,24.793,-33.982,27.000,-45.000,-5141.000,-9912.000,24.793,-33.982
0.440,24.793,-33.982,27.000,-45.000,-5141.000,-9912.000,24.793,-33.982
0.441,24.793,-33.982,27.000,-45.000,-5141.000,-9912.000,24.793,-33.982
0.442,24.793,-33.982,27.000,-45.000,-5141.000,-9912.000,24.793,-33.982
0.443,24.793,-33.982,27.000,-45.000,-5141.000,-9912.000,24.793,-33.982
0.444,24.793,-33.982,27.000,-45.000,-5141.000,-9912.000,24.793,-33.982
0.445,24.793,-33.982,27.000,-45.000,-5141.000,-9912.000,24.793,-33.982
0.446,24.793,-33.982,27.000,-45.000,-5141.000,-9912.000,24.793,-33.982
0.447,24.793,-33.982,27.000,-45.000,-5141.000,-9912.000,24.793,-33.982
0.448,24.793,-33.982,27.000,-45.000,-5141.000,-9912.000,24.793,-33.982
0.449,24.793,-33.982,27.000,-45.000,-5141.000,-9912.000,24.793,-33.982
0.450,24.793,-33.982,27.000,-45.000,-5141.000,-9912.000,24.793,-33.982
0.451,24.793,-33.982,27.000,-45.000,-5141.000,-9912.000,24.793,-33.982
0.452,24.793,-33.982,27.000,-45.000,-5141.000,-9912.000,24.793,-33.982
0.453,24.793,-33.982,27.000,-45.000,-5141.000,-9912.000,24.793,-33.982
0.454,24.793,-33.982,27.000,-45.000,-5141.000,-9912.000,24.793,-33.982
0.455,24.793,-33.982,27.000,-45.000,-5141.000,-9912.000,24.793,-33.982
0.456,24.793,-33.982,27.000,-45.000,-5141.000,-9912.000,24.793,-33.982
0.457,24.793,-33.982,27.000,-45.000,-5141.000,-9912.000,24.793,-33.982
0.458,24.793,-33.982,27.000,-45.000,-5141.000,-9912.000,24.793,-33.982
0.459,24.793,-33.982,27.000,-45.000,-5141.000,-9912.000,24.793,-33.982
0.460,24.793,-33.982,27.000,-45.000,-5141.000,-9912.000,24.793,-33.982
0.461,24.793,-33.982,27.000,-45.000,-5141.000,-9912.000,24.793,-33.982
0.462,24.793,-33.982,27.000,-45.000,-5141.000,-9912.000,24.793,-33.982
0.463,24.793,-33.982,27.000,-45.000,-5141.000,-9912.000,24.793,-33.982
0.464,24.793,-33.982,27.000,-45.000,-5141.000,-9912.000,24.793,-33.982
0.465,24.793,-33.982,27.000,-45.000,-5141.000,-9912.000,24.793,-33.982
0.466,24.793,-33.982,27.000,-45.000,-5141.000,-9912.000,24.793,-33.982
0.467,24.793,-33.982,27.000,-45.000,-5141.000,-9912.000,24.793,-33.982
0.468,24.793,-33.982,27.000,-45.000,-5141.000,-9912.000,24.793,-33.982
0.469,24.793,-33.982,27.000,-45.000,-5141.000,-9912.000,24.793,-33.982
0.470,24.793,-33.982,27.000,-45.000,-5141.000,-9912.000,24.793,-33.982
0.471,24.793,-33.982,27.000,-45.000,-5141.000,-9912.000,24.793,-33.982
0.472,24.793,-33.982,27.000,-45.000,-5141.000,-9912.000,24.793,-33.982
0.473,24.793,-33.982,27.000,-45.000,-5141.000,-9912.000,24.793,-33.982
0.474,24.793,-33.982,27.000,-45.000,-5141.000,-9912.000,24.793,-33.982
0.475,24.793,-33.982,27.000,-45.000,-5141.000,-9912.000,24.793,-33.982
0.476,24.793,-33.982,27.000,-45.000,-5141.000,-9912.000,24.793,-33.982
0.477,24.793,-33.982,27.000,-45.000,-5141.000,-9912.000,24.793,-33.982
0.478,24.793,-33.982,27.000,-45.000,-5141.000,-9912.000,24.793,-33.982
0.479,24.793,-33.982,27.000,-45.000,-5141.000,-9912.000,24.793,-33.982
0.480,24.793,-33.982,27.000,-45.000,-5141.000,-9912.000,24.793,-33.982
0.481,24.793,-33.982,27.000,-45.000,-5141.000,-9912.000,24.793,-33.982
0.482,24.793,-33.982,27.000,-45.000,-5141.000,-9912.000,24.793,-33.982
0.483,24.793,-33.982,27.000,-45.000,-5141.000,-9912.000,24.793,-33.982
0.484,24.793,-33.982,27.000,-45.000,-5141.000,-9912.000,24.793,-33.982
0.485,24.793,-33.982,27.000,-45.000,-5141.000,-9912.000,24.793,-33.982
0.486,24.793,-33.982,27.000,-45.000,-5141.000,-9912.000,24.793,-33.982
0.487,24.793,-33.982,27.000,-45.000,-5141.000,-9912.000,24.793,-33.982
0.488,24.793,-33.982,27.000,-45.000,-5141.000,-9912.000,24.793,-33.982
0.489,24.793,-33.982,27.000,-45.000,-5141.000,-9912.000,24.793,-33.982
0.490,24.793,-33.982,27.000,-45.000,-5141.000,-9912.000,24.793,-33.982
0.491,24.793,-33.982,27.000,-45.000,-5141.000,-9912.000,24.793,-33.982
0.492,24.793,-33.982,27.000,-45.000,-5141.000,-9912.000,24.793,-33.982
0.493,24.793,-33.982,27.000,-45.000,-5141.000,-9912.000,24.793,-33.982
0.494,24.793,-33.982,27.000,-45.000,-5141.000,-9912.000,24.793,-33.982
0.495,24.793,-33.982,27.000,-45.000,-5141.000,-9912.000,24.793,-33.982
0.496,24.793,-33.982,27.000,-45.000,-5141.000,-9912.000,24.793,-33.982
0.497,24.793,-33.982,27.000,-45.000,-5141.000,-9912.000,24.793,-33.982
0.498,24.793,-33.982,27.000,-45.000,-5141.000,-9912.000,24.793,-33.982
0.499,24.793,-33.982,27.000,-45.000,-5141.000,-9912.000,24.793,-33.982
0.500,24.793,-33.982,27.000,-45.000,-5141.000,-9912.000,24.793,-33.982
0.501,24.793,-33.982,27.000,-45.000,-5141.000,-9912.000,24.793,-33.982
0.502,24.793,-33.982,27.000,-45.000,-5141.000,-9912.000,24.793,-33.982
0.503,24.793,-33.982,27.000,-45.000,-5141.000,-9912.000,24.793,-33.982
0.504,24.793,-33.982,27.000,-45.000,-5141.000,-9912.000,24.793,-33.982
0.505,24.793,-33.982,27.000,-45.000,-5141.000,-9912.000,24.793,-33.982
0.506,24.793,-33.982,27.000,-45.000,-5141.000,-9912.000,24.793,-33.982
0.507,24.793,-33.982,27.000,-45.000,-5141.000,-9912.000,24.793,-33.982
0.508,24.793,-33.982,27.000,-45.000,-5141.000,-9912.000,24.793,-33.982
0.509,24.793,-33.982,27.000,-45.000,-5141.000,-9912.000,24.793,-33.982
0.510,24.793,-33.982,27.000,-45.000,-5141.000,-9912.000,24.793,-33.982
0.511,24.793,-33.982,27.000,-45.000,-5141.000,-9912.000,24.793,-33.982
0.512,24.793,-33.982,27.000,-45.000,-5141.000,-9912.000,24.793,-33.982
0.513,24.793,-33.982,27.000,-45.000,-5141.000,-9912.000,24.793,-33.982
0.514,24.793,-33.982,27.000,-45.000,-5141.000,-9912.000,24.793,-33.982
0.515,24.793,-33.982,27.000,-45.000,-5141.000,-9912.000,24.793,-33.982
0.516,24.793,-33.982,27.000,-45.000,-5141.000,-9912.000,24.793,-33.982
0.517,24.793,-33.982,27.000,-45.000,-5141.000,-9912.000,24.793,-33.982
0.518,24.793,-33.982,27.000,-45.000,-5141.000,-9912.000,24.793,-33.982
0.519,24.793,-33.982,27.000,-45.000,-5141.000,-9912.000,24.793,-33.982
0.520,24.793,-33.982,27.000,-45.000,-5141.000,-9912.000,24.793,-33.982
0.521,24.793,-33.982,27.000,-45.000,-5141.000,-9912.000,24.793,-33.982
0.522,24.793,-33.982,27.000,-45.000,-5141.000,-9912.000,24.793,-33.982
0.523,24.793,-33.982,27.000,-45.000,-5141.000,-9912.000,24.793,-33.982
0.524,24.793,-33.982,27.000,-45.000,-5141.000,-9912.000,24.793,-33.982
0.525,24.793,-33.982,27.000,-45.000,-5141.000,-9912.000,24.793,-33.982
0.526,24.793,-33.982,27.000,-45.000,-5141.000,-9912.000,24.793,-33.982
0.527,24.793,-33.982,27.000,-45.000,-5141.000,-9912.000,24.793,-33.982
0.528,24.793,-33.982,27.000,-45.000,-5141.000,-9912.000,24.793,-33.982
0.529,24.793,-33.982,27.000,-45.000,-5141.000,-9912.000,24.793,-33.982
0.530,24.793,-33.982,27.000,-45.000,-5141.000,-9912.000,24.793,-33.982
0.531,24.793,-33.982,27.000,-45.000,-5141.000,-9912.000,24.793,-33.982
0.532,24.793,-33.982,27.000,-45.000,-5141.000,-9912.000,24.793,-33.982
0.533,24.793,-33.982,27.000,-45.000,-5141.000,-9912.000,24.793,-33.982
0.534,24.793,-33.982,27.000,-45.000,-5141.000,-9912.000,24.793,-33.982
0.535,24.793,-33.982,27.000,-45.000,-5141.000,-9912.000,24.793,-33.982
0.536,24.793,-33.982,27.000,-45.000,-5141.000,-9912.000,24.793,-33.982
0.537,24.793,-33.982,27.000,-45.000,-5141.000,-9912.000,24.793,-33.982
0.538,24.793,-33.982,27.000,-45.000,-5141.000,-9912.000,24.793,-33.982
0.539,24.793,-33.982,27.000,-45.000,-5141.000,-9912.000,24.793,-33.982
0.540,24.793,-33.982,27.000,-45.000,-5141.000,-9912.000,24.793,-33.982
0.541,24.793,-33.982,27.000,-45.000,-5141.000,-9912.000,24.793,-33.982
0.542,24.793,-33.982,27.000,-45.000,-5141.000,-9912.000,24.793,-33.982
0.543,24.793,-33.982,27.000,-45.000,-5141.000,-9912.000,24.793,-33.982
0.544,24.793,-33.982,27.000,-45.000,-5141.000,-9912.000,24.793,-33.982
0.545,24.793,-33.982,27.000,-45.000,-5141.000,-9912.000,24.793,-33.982
0.546,24.793,-33.982,27.000,-45.000,-5141.000,-9912.000,24.793,-33.982
0.547,24.793,-33.982,27.000,-45.000,-5141.000,-9912.000,24.793,-33.982
0.548,24.793,-33.982,27.000,-45.000,-5141.000,-9912.000,24.793,-33.982
0.549,24.793,-33.982,27.000,-45.000,-5141.000,-9912.000,24.793,-33.982
0.550,24.793,-33.982,27.000,-45.000,-5141.000,-9912.000,24.793,-33.982
0.551,24.793,-33.982,27.000,-45.000,-5141.000,-9912.000,24.793,-33.982
0.552,24.793,-33.982,27.000,-45.000,-5141.000,-9912.000,24.793,-33.982
0.553,24.793,-33.982,27.000,-45.000,-5141.000,-9912.000,24.793,-33.982
0.554,24.793,-33.982,27.000,-45.000,-5141.000,-9912.000,24.793,-33.982
0.555,24.793,-33.982,27.000,-45.000,-5141.000,-9912.000,24.793,-33.982
0.556,24.793,-33.982,27.000,-45.000,-5141.000,-9912.000,24.793,-33.982
0.557,24.793,-33.982,27.000,-45.000,-5141.000,-9912.000,24.793,-33.982
0.558,24.793,-33.982,27.000,-45.000,-5141.000,-9912.000,24.793,-33.982
0.559,24.793,-33.982,27.000,-45.000,-5141.000,-9912.000,24.793,-33.982
0.560,24.793,-33.982,27.000,-45.000,-5141.000,-9912.000,24.793,-33.982
0.561,24.793,-33.982,27.000,-45.000,-5141.000,-9912.000,24.793,-33.982
0.562,24.793,-33.982,27.000,-45.000,-5141.000,-9912.000,24.793,-33.982
0.563,24.793,-33.982,27.000,-45.000,-5141.000,-9912.000,24.793,-33.982
0.564,24.793,-33.982,27.000,-45.000,-5141.000,-9912.000,24.793,-33.982
0.565,24.793,-33.982,27.000,-45.000,-5141.000,-9912.000,24.793,-33.982
0.566,24.793,-33.982,27.000,-45.000,-5141.000,-9912.000,24.793,-33.982
0.567,24.793,-33.982,27.000,-45.000,-5141.000,-9912.000,24.793,-33.982
0.568,24.793,-33.982,27.000,-45.000,-5141.000,-9912.000,24.793,-33.982
0.569,24.793,-33.982,27.000,-45.000,-5141.000,-9912.000,24.793,-33.982
0.570,24.793,-33.982,27.000,-45.000,-5141.000,-9912.000,24.793,-33.982
0.571,24.793,-33.982,27.000,-45.000,-5141.000,-9912.000,24.793,-33.982
0.572,24.793,-33.982,27.000,-45.000,-5141.000,-9912.000,24.793,-33.982
0.573,24.793,-33.982,27.000,-45.000,-5141.000,-9912.000,24.793,-33.982
0.574,24.793,-33.982,27.000,-45.000,-5141.000,-9912.000,24.793,-33.982
0.575,24.793,-33.982,27.000,-45.000,-5141.000,-9912.000,24.793,-33.982
0.576,24.793,-33.982,27.000,-45.000,-5141.000,-9912.000,24.793,-33.982
0.577,24.793,-33.982,27.000,-45.000,-5141.000,-9912.000,24.793,-33.982
0.578,24.793,-33.982,27.000,-45.000,-5141.000,-9912.000,24.793,-33.982
0.579,24.793,-33.982,27.000,-45.000,-5141.000,-9912.000,24.793,-33.982
0.580,24.793,-33.982,27.000,-45.000,-5141.000,-9912.000,24.793,-33.982
0.581,24.793,-33.982,27.000,-45.000,-5141.000,-9912.000,24.793,-33.982
0.582,24.793,-33.982,27.000,-45.000,-5141.000,-9912.000,24.793,-33.982
0.583,24.793,-33.982,27.000,-45.000,-5141.000,-9912.000,24.793,-33.982
0.584,24.793,-33.982,27.000,-45.000,-5141.000,-9912.000,24.793,-33.982
0.585,24.793,-33.982,27.000,-45.000,-5141.000,-9912.000,24.793,-33.982
0.586,24.793,-33.982,27.000,-45.000,-5141.000,-9912.000,24.793,-33.982
0.587,24.793,-33.982,27.000,-45.000,-5141.000,-9912.000,24.793,-33.982
0.588,24.793,-33.982,27.000,-45.000,-5141.000,-9912.000,24.793,-33.982
0.589,24.793,-33.982,27.000,-45.000,-5141.000,-9912.000,24.793,-33.982
0.590,24.793,-33.982,27.000,-45.000,-5141.000,-9912.000,24.793,-33.982
0.591,24.793,-33.982,27.000,-45.000,-5141.000,-9912.000,24.793,-33.982
0.592,24.793,-33.982,27.000,-45.000,-5141.000,-9912.000,24.793,-33.982
0.593,24.793,-33.982,27.000,-45.000,-5141.000,-9912.000,24.793,-33.982
0.594,24.793,-33.982,27.000,-45.000,-5141.000,-9912.000,24.793,-33.982
0.595,24.793,-33.982,27.000,-45.000,-5141.000,-9912.000,24.793,-33.982
0.596,24.793,-33.982,27.000,-45.000,-5141.000,-9912.000,24.793,-33.982
0.597,24.793,-33.982,27.000,-45.000,-5141.000,-9912.000,24.793,-33.982
0.598,24.793,-33.982,27.000,-45.000,-5141.000,-9912.000,24.793,-33.982
0.599,24.793,-33.982,27.000,-45.000,-5141.000,-9912.000,24.793,-33.982
0.600,24.793,-33.982,27.000,-45.000,-5141.000,-9912.000,24.793,-33.982
0.601,24.793,-33.982,27.000,-45.000,-5141.000,-9912.000,24.793,-33.982
0.602,24.793,-33.982,27.000,-45.000,-5141.000,-9912.000,24.793,-33.982
0.603,24.793,-33.982,27.000,-45.000,-5141.000,-9912.000,24.793,-33.982
0.604,24.793,-33.982,27.000,-45.000,-5141.000,-9912.000,24.793,-33.982
0.605,24.793,-33.982,27.000,-45.000,-5141.000,-9912.000,24.793,-33.982
0.606,24.793,-33.982,27.000,-45.000,-5141.000,-9912.000,24.793,-33.982
0.607,24.793,-33.982,27.000,-45.000,-5141.000,-9912.000,24.793,-33.982
0.608,24.793,-33.982,27.000,-45.000,-5141.000,-9912.000,24.793,-33.982
0.609,24.793,-33.982,27.000,-45.000,-5141.000,-9912.000,24.793,-33.982
0.610,24.793,-33.982,27.000,-45.000,-5141.000,-9912.000,24.793,-33.982
0.611,24.793,-33.982,27.000,-45.000,-5141.000,-9912.000,24.793,-33.982
0.612,24.793,-33.982,27.000,-45.000,-5141.000,-9912.000,24.793,-33.982
0.613,24.793,-33.982,27.000,-45.000,-5141.000,-9912.000,24.793,-33.982
0.614,24.793,-33.982,27.000,-45.000,-5141.000,-9912.000,24.793,-33.982
0.615,24.793,-33.982,27.000,-45.000,-5141.000,-9912.000,24.793,-33.982
